Workbook

Sheet Listado
A1: N.º de familias | B1: N.º de beneficiarios/as | C1: Nombre | D1: Apellidos | E1: Documento | F1: Fecha de nacimiento | G1: Edad | H1: Fecha derivación | I1: Vigencia | J1: Alerta | K1: N.º de miembros familia | L1: Próxima cita
G2: =IF(F2="", "", DATEDIF(F2, TODAY(), "Y")) | J2: =IF(ISBLANK(H2), "", I2-TODAY()) | K2: {=IF(A2<>"",IF(COUNTIF(A3:A$996,"<>")=0,COUNTA(B2:B$996),IFERROR(MATCH(TRUE(),INDEX((A3:A$996<>""),0),0),COUNTA(B2:B$996))),"")}
G3: =IF(F3="", "", DATEDIF(F3, TODAY(), "Y")) | J3: =IF(ISBLANK(H3), "", I3-TODAY()) | K3: {=IF(A3<>"",IF(COUNTIF(A4:A$996,"<>")=0,COUNTA(B3:B$996),IFERROR(MATCH(TRUE(),INDEX((A4:A$996<>""),0),0),COUNTA(B3:B$996))),"")}
G4: =IF(F4="", "", DATEDIF(F4, TODAY(), "Y")) | J4: =IF(ISBLANK(H4), "", I4-TODAY()) | K4: {=IF(A4<>"",IF(COUNTIF(A5:A$996,"<>")=0,COUNTA(B4:B$996),IFERROR(MATCH(TRUE(),INDEX((A5:A$996<>""),0),0),COUNTA(B4:B$996))),"")}
G5: =IF(F5="", "", DATEDIF(F5, TODAY(), "Y")) | J5: =IF(ISBLANK(H5), "", I5-TODAY()) | K5: {=IF(A5<>"",IF(COUNTIF(A6:A$996,"<>")=0,COUNTA(B5:B$996),IFERROR(MATCH(TRUE(),INDEX((A6:A$996<>""),0),0),COUNTA(B5:B$996))),"")}
G6: =IF(F6="", "", DATEDIF(F6, TODAY(), "Y")) | J6: =IF(ISBLANK(H6), "", I6-TODAY()) | K6: {=IF(A6<>"",IF(COUNTIF(A7:A$996,"<>")=0,COUNTA(B6:B$996),IFERROR(MATCH(TRUE(),INDEX((A7:A$996<>""),0),0),COUNTA(B6:B$996))),"")}
G7: =IF(F7="", "", DATEDIF(F7, TODAY(), "Y")) | J7: =IF(ISBLANK(H7), "", I7-TODAY()) | K7: {=IF(A7<>"",IF(COUNTIF(A8:A$996,"<>")=0,COUNTA(B7:B$996),IFERROR(MATCH(TRUE(),INDEX((A8:A$996<>""),0),0),COUNTA(B7:B$996))),"")}
G8: =IF(F8="", "", DATEDIF(F8, TODAY(), "Y")) | J8: =IF(ISBLANK(H8), "", I8-TODAY()) | K8: {=IF(A8<>"",IF(COUNTIF(A9:A$996,"<>")=0,COUNTA(B8:B$996),IFERROR(MATCH(TRUE(),INDEX((A9:A$996<>""),0),0),COUNTA(B8:B$996))),"")}
G9: =IF(F9="", "", DATEDIF(F9, TODAY(), "Y")) | J9: =IF(ISBLANK(H9), "", I9-TODAY()) | K9: {=IF(A9<>"",IF(COUNTIF(A10:A$996,"<>")=0,COUNTA(B9:B$996),IFERROR(MATCH(TRUE(),INDEX((A10:A$996<>""),0),0),COUNTA(B9:B$996))),"")}
G10: =IF(F10="", "", DATEDIF(F10, TODAY(), "Y")) | J10: =IF(ISBLANK(H10), "", I10-TODAY()) | K10: {=IF(A10<>"",IF(COUNTIF(A11:A$996,"<>")=0,COUNTA(B10:B$996),IFERROR(MATCH(TRUE(),INDEX((A11:A$996<>""),0),0),COUNTA(B10:B$996))),"")}
G11: =IF(F11="", "", DATEDIF(F11, TODAY(), "Y")) | J11: =IF(ISBLANK(H11), "", I11-TODAY()) | K11: {=IF(A11<>"",IF(COUNTIF(A12:A$996,"<>")=0,COUNTA(B11:B$996),IFERROR(MATCH(TRUE(),INDEX((A12:A$996<>""),0),0),COUNTA(B11:B$996))),"")}
G12: =IF(F12="", "", DATEDIF(F12, TODAY(), "Y")) | J12: =IF(ISBLANK(H12), "", I12-TODAY()) | K12: {=IF(A12<>"",IF(COUNTIF(A13:A$996,"<>")=0,COUNTA(B12:B$996),IFERROR(MATCH(TRUE(),INDEX((A13:A$996<>""),0),0),COUNTA(B12:B$996))),"")}
G13: =IF(F13="", "", DATEDIF(F13, TODAY(), "Y")) | J13: =IF(ISBLANK(H13), "", I13-TODAY()) | K13: {=IF(A13<>"",IF(COUNTIF(A14:A$996,"<>")=0,COUNTA(B13:B$996),IFERROR(MATCH(TRUE(),INDEX((A14:A$996<>""),0),0),COUNTA(B13:B$996))),"")}
... G995: =IF(F995="", "", DATEDIF(F995, TODAY(), "Y")) | J995: =IF(ISBLANK(H995), "", I995-TODAY()) | K995: {=IF(A995<>"",IF(COUNTIF(A996:A$996,"<>")=0,COUNTA(B995:B$996),IFERROR(MATCH(TRUE(),INDEX((A996:A$996<>""),0),0),COUNTA(B995:B$996))),"")}
G996: =IF(F996="", "", DATEDIF(F996, TODAY(), "Y")) | J996: =IF(ISBLANK(H996), "", I996-TODAY()) | K996: {=IF(A996<>"",IF(COUNTIF(A$996:A997,"<>")=0,COUNTA(B996:B$996),IFERROR(MATCH(TRUE(),INDEX((A$996:A997<>""),0),0),COUNTA(B996:B$996))),"")}
G997: =IF(F997="", "", DATEDIF(F997, TODAY(), "Y")) | J997: =IF(ISBLANK(H997), "", I997-TODAY()) | K997: {=IF(A997<>"",IF(COUNTIF(A$996:A998,"<>")=0,COUNTA(B$996:B997),IFERROR(MATCH(TRUE(),INDEX((A$996:A998<>""),0),0),COUNTA(B$996:B997))),"")}
G998: =IF(F998="", "", DATEDIF(F998, TODAY(), "Y")) | J998: =IF(ISBLANK(H998), "", I998-TODAY()) | K998: {=IF(A998<>"",IF(COUNTIF(A$996:A999,"<>")=0,COUNTA(B$996:B998),IFERROR(MATCH(TRUE(),INDEX((A$996:A999<>""),0),0),COUNTA(B$996:B998))),"")}
G999: =IF(F999="", "", DATEDIF(F999, TODAY(), "Y")) | J999: =IF(ISBLANK(H999), "", I999-TODAY()) | K999: {=IF(A999<>"",IF(COUNTIF(A$996:A1000,"<>")=0,COUNTA(B$996:B999),IFERROR(MATCH(TRUE(),INDEX((A$996:A1000<>""),0),0),COUNTA(B$996:B999))),"")}
G1000: =IF(F1000="", "", DATEDIF(F1000, TODAY(), "Y")) | J1000: =IF(ISBLANK(H1000), "", I1000-TODAY()) | K1000: {=IF(A1000<>"",IF(COUNTIF(A$996:A1001,"<>")=0,COUNTA(B$996:B1000),IFERROR(MATCH(TRUE(),INDEX((A$996:A1001<>""),0),0),COUNTA(B$996:B1000))),"")}
G1001: =IF(F1001="", "", DATEDIF(F1001, TODAY(), "Y")) | J1001: =IF(ISBLANK(H1001), "", I1001-TODAY()) | K1001: {=IF(A1001<>"",IF(COUNTIF(A$996:A1002,"<>")=0,COUNTA(B$996:B1001),IFERROR(MATCH(TRUE(),INDEX((A$996:A1002<>""),0),0),COUNTA(B$996:B1001))),"")}
G1002: =IF(F1002="", "", DATEDIF(F1002, TODAY(), "Y")) | J1002: =IF(ISBLANK(H1002), "", I1002-TODAY()) | K1002: {=IF(A1002<>"",IF(COUNTIF(A$996:A1003,"<>")=0,COUNTA(B$996:B1002),IFERROR(MATCH(TRUE(),INDEX((A$996:A1003<>""),0),0),COUNTA(B$996:B1002))),"")}
G1003: =IF(F1003="", "", DATEDIF(F1003, TODAY(), "Y")) | J1003: =IF(ISBLANK(H1003), "", I1003-TODAY()) | K1003: {=IF(A1003<>"",IF(COUNTIF(A$996:A1004,"<>")=0,COUNTA(B$996:B1003),IFERROR(MATCH(TRUE(),INDEX((A$996:A1004<>""),0),0),COUNTA(B$996:B1003))),"")}
G1004: =IF(F1004="", "", DATEDIF(F1004, TODAY(), "Y")) | J1004: =IF(ISBLANK(H1004), "", I1004-TODAY()) | K1004: {=IF(A1004<>"",IF(COUNTIF(A$996:A1005,"<>")=0,COUNTA(B$996:B1004),IFERROR(MATCH(TRUE(),INDEX((A$996:A1005<>""),0),0),COUNTA(B$996:B1004))),"")}
G1005: =IF(F1005="", "", DATEDIF(F1005, TODAY(), "Y")) | J1005: =IF(ISBLANK(H1005), "", I1005-TODAY()) | K1005: {=IF(A1005<>"",IF(COUNTIF(A$996:A1006,"<>")=0,COUNTA(B$996:B1005),IFERROR(MATCH(TRUE(),INDEX((A$996:A1006<>""),0),0),COUNTA(B$996:B1005))),"")}
G1006: =IF(F1006="", "", DATEDIF(F1006, TODAY(), "Y")) | J1006: =IF(ISBLANK(H1006), "", I1006-TODAY()) | K1006: {=IF(A1006<>"",IF(COUNTIF(A$996:A1007,"<>")=0,COUNTA(B$996:B1006),IFERROR(MATCH(TRUE(),INDEX((A$996:A1007<>""),0),0),COUNTA(B$996:B1006))),"")}
G1007: =IF(F1007="", "", DATEDIF(F1007, TODAY(), "Y")) | J1007: =IF(ISBLANK(H1007), "", I1007-TODAY()) | K1007: {=IF(A1007<>"",IF(COUNTIF(A$996:A1008,"<>")=0,COUNTA(B$996:B1007),IFERROR(MATCH(TRUE(),INDEX((A$996:A1008<>""),0),0),COUNTA(B$996:B1007))),"")}
G1008: =IF(F1008="", "", DATEDIF(F1008, TODAY(), "Y")) | J1008: =IF(ISBLANK(H1008), "", I1008-TODAY()) | K1008: {=IF(A1008<>"",IF(COUNTIF(A$996:A1009,"<>")=0,COUNTA(B$996:B1008),IFERROR(MATCH(TRUE(),INDEX((A$996:A1009<>""),0),0),COUNTA(B$996:B1008))),"")}
... G2998: =IF(F2998="", "", DATEDIF(F2998, TODAY(), "Y")) | J2998: =IF(ISBLANK(H2998), "", I2998-TODAY()) | K2998: {=IF(A2998<>"",IF(COUNTIF(A$996:A2999,"<>")=0,COUNTA(B$996:B2998),IFERROR(MATCH(TRUE(),INDEX((A$996:A2999<>""),0),0),COUNTA(B$996:B2998))),"")}
G2999: =IF(F2999="", "", DATEDIF(F2999, TODAY(), "Y")) | J2999: =IF(ISBLANK(H2999), "", I2999-TODAY()) | K2999: {=IF(A2999<>"",IF(COUNTIF(A$996:A2999,"<>")=0,COUNTA(B$996:B2999),IFERROR(MATCH(TRUE(),INDEX((A$996:A2999<>""),0),0),COUNTA(B$996:B2999))),"")}

Sheet Reparto
F9: ENVASES A REPARTIR POR FAMILIA
B10: ="Cantd/Familias: "&SUM(D13:M13) -> Cantd/Familias: 0
C12: Beneficiarios: | D12: =IF(ISBLANK($D$13), " ",$D$13*1) -> 0 | E12: =IF(ISBLANK($E$13), " ",$E$13*2) -> 0 | F12: =IF(ISBLANK($F$13), " ", $F$13*3) -> 0 | G12: =IF(ISBLANK($G$13), " ", $G$13*4) -> 0 | H12: =IF(ISBLANK($H$13), " ", $H$13*5) -> 0 | I12: =IF(ISBLANK($I$13), " ", $I$13*6) -> 0 | J12: =IF(ISBLANK($J$13), " ", $J$13*7) -> 0 | K12: =IF(ISBLANK($K$13), " ", $K$13*8) -> 0 | L12: =IF(ISBLANK($L$13), " ", $L$13*9) -> 0 | M12: =IF(ISBLANK($M$13), " ", $M$13*10) -> 0 | N12: =SUM(D12:M12) -> 0
C13: Familias: | D13: =COUNTIF(Listado!K:K,1) -> 0 | E13: =COUNTIF(Listado!K:K,2) -> 0 | F13: =COUNTIF(Listado!K:K,3) -> 0 | G13: =COUNTIF(Listado!K:K,4) -> 0 | H13: =COUNTIF(Listado!K:K,5) -> 0 | I13: =COUNTIF(Listado!K:K,6) -> 0 | J13: =COUNTIF(Listado!K:K,7) -> 0 | K13: =COUNTIF(Listado!K:K,8) -> 0 | L13: =COUNTIF(Listado!K:K,9) -> 0 | M13: =COUNTIF(Listado!K:K,10) -> 0 | N13: =SUM(D13:M13) -> 0
B14: ALIMENTOS | C14: CANTIDADES ASIGNADAS | D14: 1 MIEMBROS | E14: 2 MIEMBROS | F14: 3 MIEMBROS | G14: 4 MIEMBROS | H14: 5 MIEMBROS | I14: 6 MIEMBROS | J14: 7 MIEMBROS | K14: 8 MIEMBROS | L14: 9 MIEMBROS | M14: 10 MIEMBROS | N14: .
B15: Leche | D15: =IFERROR( IF(D$13=0,"",ROUND($N15,0)), " ") | E15: =IFERROR( IF(E$13=0,"",ROUND($N15*2,0))," ") | F15: =IFERROR( IF(F$13=0,"",ROUND($N15*3,0))," ") | G15: =IFERROR( IF(G$13=0,"",ROUND($N15*4,0))," ") | H15: =IFERROR( IF(H$13=0,"",ROUND($N15*5,0))," ") | I15: =IFERROR( IF(I$13=0,"",ROUND($N15*6,0))," ") | J15: =IFERROR( IF(J$13=0,"",ROUND($N15*7,0))," ") | K15: =IFERROR( IF(K$13=0,"",ROUND($N15*8,0))," ") | L15: =IFERROR( IF(L$13=0,"",ROUND($N15*9,0))," ") | M15: =IFERROR( IF(M$13=0,"",ROUND($N15*10,0))," ") | N15: =IFERROR(Reparto!$C15/TotalBeneficiarios, " ")
B16: Harinas y gofio | D16: =IFERROR( IF(D$13=0,"",ROUND($N16,0)), " ") | E16: =IFERROR( IF(E$13=0,"",ROUND($N16*2,0))," ") | F16: =IFERROR( IF(F$13=0,"",ROUND($N16*3,0))," ") | G16: =IFERROR( IF(G$13=0,"",ROUND($N16*4,0))," ") | H16: =IFERROR( IF(H$13=0,"",ROUND($N16*5,0))," ") | I16: =IFERROR( IF(I$13=0,"",ROUND($N16*6,0))," ") | J16: =IFERROR( IF(J$13=0,"",ROUND($N16*7,0))," ") | K16: =IFERROR( IF(K$13=0,"",ROUND($N16*8,0))," ") | L16: =IFERROR( IF(L$13=0,"",ROUND($N16*9,0))," ") | M16: =IFERROR( IF(M$13=0,"",ROUND($N16*10,0))," ") | N16: =IFERROR(Reparto!$C16/TotalBeneficiarios, " ")
B17: Arroz | D17: =IFERROR( IF(D$13=0,"",ROUND($N17,0)), " ") | E17: =IFERROR( IF(E$13=0,"",ROUND($N17*2,0))," ") | F17: =IFERROR( IF(F$13=0,"",ROUND($N17*3,0))," ") | G17: =IFERROR( IF(G$13=0,"",ROUND($N17*4,0))," ") | H17: =IFERROR( IF(H$13=0,"",ROUND($N17*5,0))," ") | I17: =IFERROR( IF(I$13=0,"",ROUND($N17*6,0))," ") | J17: =IFERROR( IF(J$13=0,"",ROUND($N17*7,0))," ") | K17: =IFERROR( IF(K$13=0,"",ROUND($N17*8,0))," ") | L17: =IFERROR( IF(L$13=0,"",ROUND($N17*9,0))," ") | M17: =IFERROR( IF(M$13=0,"",ROUND($N17*10,0))," ") | N17: =IFERROR(Reparto!$C17/TotalBeneficiarios, " ")
B18: Pasta | D18: =IFERROR( IF(D$13=0,"",ROUND($N18,0)), " ") | E18: =IFERROR( IF(E$13=0,"",ROUND($N18*2,0))," ") | F18: =IFERROR( IF(F$13=0,"",ROUND($N18*3,0))," ") | G18: =IFERROR( IF(G$13=0,"",ROUND($N18*4,0))," ") | H18: =IFERROR( IF(H$13=0,"",ROUND($N18*5,0))," ") | I18: =IFERROR( IF(I$13=0,"",ROUND($N18*6,0))," ") | J18: =IFERROR( IF(J$13=0,"",ROUND($N18*7,0))," ") | K18: =IFERROR( IF(K$13=0,"",ROUND($N18*8,0))," ") | L18: =IFERROR( IF(L$13=0,"",ROUND($N18*9,0))," ") | M18: =IFERROR( IF(M$13=0,"",ROUND($N18*10,0))," ") | N18: =IFERROR(Reparto!$C18/TotalBeneficiarios, " ")
B19: Legumbres | D19: =IFERROR( IF(D$13=0,"",ROUND($N19,0)), " ") | E19: =IFERROR( IF(E$13=0,"",ROUND($N19*2,0))," ") | F19: =IFERROR( IF(F$13=0,"",ROUND($N19*3,0))," ") | G19: =IFERROR( IF(G$13=0,"",ROUND($N19*4,0))," ") | H19: =IFERROR( IF(H$13=0,"",ROUND($N19*5,0))," ") | I19: =IFERROR( IF(I$13=0,"",ROUND($N19*6,0))," ") | J19: =IFERROR( IF(J$13=0,"",ROUND($N19*7,0))," ") | K19: =IFERROR( IF(K$13=0,"",ROUND($N19*8,0))," ") | L19: =IFERROR( IF(L$13=0,"",ROUND($N19*9,0))," ") | M19: =IFERROR( IF(M$13=0,"",ROUND($N19*10,0))," ") | N19: =IFERROR(Reparto!$C19/TotalBeneficiarios, " ")
B20: Salsas variadas | D20: =IFERROR( IF(D$13=0,"",ROUND($N20,0)), " ") | E20: =IFERROR( IF(E$13=0,"",ROUND($N20*2,0))," ") | F20: =IFERROR( IF(F$13=0,"",ROUND($N20*3,0))," ") | G20: =IFERROR( IF(G$13=0,"",ROUND($N20*4,0))," ") | H20: =IFERROR( IF(H$13=0,"",ROUND($N20*5,0))," ") | I20: =IFERROR( IF(I$13=0,"",ROUND($N20*6,0))," ") | J20: =IFERROR( IF(J$13=0,"",ROUND($N20*7,0))," ") | K20: =IFERROR( IF(K$13=0,"",ROUND($N20*8,0))," ") | L20: =IFERROR( IF(L$13=0,"",ROUND($N20*9,0))," ") | M20: =IFERROR( IF(M$13=0,"",ROUND($N20*10,0))," ") | N20: =IFERROR(Reparto!$C20/TotalBeneficiarios, " ")
B21: Aceites | D21: =IFERROR( IF(D$13=0,"",ROUND($N21,0)), " ") | E21: =IFERROR( IF(E$13=0,"",ROUND($N21*2,0))," ") | F21: =IFERROR( IF(F$13=0,"",ROUND($N21*3,0))," ") | G21: =IFERROR( IF(G$13=0,"",ROUND($N21*4,0))," ") | H21: =IFERROR( IF(H$13=0,"",ROUND($N21*5,0))," ") | I21: =IFERROR( IF(I$13=0,"",ROUND($N21*6,0))," ") | J21: =IFERROR( IF(J$13=0,"",ROUND($N21*7,0))," ") | K21: =IFERROR( IF(K$13=0,"",ROUND($N21*8,0))," ") | L21: =IFERROR( IF(L$13=0,"",ROUND($N21*9,0))," ") | M21: =IFERROR( IF(M$13=0,"",ROUND($N21*10,0))," ") | N21: =IFERROR(Reparto!$C21/TotalBeneficiarios, " ")
B22: Pescado en conserva | D22: =IFERROR( IF(D$13=0,"",ROUND($N22,0)), " ") | E22: =IFERROR( IF(E$13=0,"",ROUND($N22*2,0))," ") | F22: =IFERROR( IF(F$13=0,"",ROUND($N22*3,0))," ") | G22: =IFERROR( IF(G$13=0,"",ROUND($N22*4,0))," ") | H22: =IFERROR( IF(H$13=0,"",ROUND($N22*5,0))," ") | I22: =IFERROR( IF(I$13=0,"",ROUND($N22*6,0))," ") | J22: =IFERROR( IF(J$13=0,"",ROUND($N22*7,0))," ") | K22: =IFERROR( IF(K$13=0,"",ROUND($N22*8,0))," ") | L22: =IFERROR( IF(L$13=0,"",ROUND($N22*9,0))," ") | M22: =IFERROR( IF(M$13=0,"",ROUND($N22*10,0))," ") | N22: =IFERROR(Reparto!$C22/TotalBeneficiarios, " ")
B23: Carne en conserva | D23: =IFERROR( IF(D$13=0,"",ROUND($N23,0)), " ") | E23: =IFERROR( IF(E$13=0,"",ROUND($N23*2,0))," ") | F23: =IFERROR( IF(F$13=0,"",ROUND($N23*3,0))," ") | G23: =IFERROR( IF(G$13=0,"",ROUND($N23*4,0))," ") | H23: =IFERROR( IF(H$13=0,"",ROUND($N23*5,0))," ") | I23: =IFERROR( IF(I$13=0,"",ROUND($N23*6,0))," ") | J23: =IFERROR( IF(J$13=0,"",ROUND($N23*7,0))," ") | K23: =IFERROR( IF(K$13=0,"",ROUND($N23*8,0))," ") | L23: =IFERROR( IF(L$13=0,"",ROUND($N23*9,0))," ") | M23: =IFERROR( IF(M$13=0,"",ROUND($N23*10,0))," ") | N23: =IFERROR(Reparto!$C23/TotalBeneficiarios, " ")
B24: VARIOS | D24: =IFERROR( IF(D$13=0,"",ROUND($N24,0)), " ") | E24: =IFERROR( IF(E$13=0,"",ROUND($N24*2,0))," ") | F24: =IFERROR( IF(F$13=0,"",ROUND($N24*3,0))," ") | G24: =IFERROR( IF(G$13=0,"",ROUND($N24*4,0))," ") | H24: =IFERROR( IF(H$13=0,"",ROUND($N24*5,0))," ") | I24: =IFERROR( IF(I$13=0,"",ROUND($N24*6,0))," ") | J24: =IFERROR( IF(J$13=0,"",ROUND($N24*7,0))," ") | K24: =IFERROR( IF(K$13=0,"",ROUND($N24*8,0))," ") | L24: =IFERROR( IF(L$13=0,"",ROUND($N24*9,0))," ") | M24: =IFERROR( IF(M$13=0,"",ROUND($N24*10,0))," ") | N24: =IFERROR(Reparto!$C24/TotalBeneficiarios, " ")
B25: VARIOS | D25: =IFERROR( IF(D$13=0,"",ROUND($N25,0)), " ") | E25: =IFERROR( IF(E$13=0,"",ROUND($N25*2,0))," ") | F25: =IFERROR( IF(F$13=0,"",ROUND($N25*3,0))," ") | G25: =IFERROR( IF(G$13=0,"",ROUND($N25*4,0))," ") | H25: =IFERROR( IF(H$13=0,"",ROUND($N25*5,0))," ") | I25: =IFERROR( IF(I$13=0,"",ROUND($N25*6,0))," ") | J25: =IFERROR( IF(J$13=0,"",ROUND($N25*7,0))," ") | K25: =IFERROR( IF(K$13=0,"",ROUND($N25*8,0))," ") | L25: =IFERROR( IF(L$13=0,"",ROUND($N25*9,0))," ") | M25: =IFERROR( IF(M$13=0,"",ROUND($N25*10,0))," ") | N25: =IFERROR(Reparto!$C25/TotalBeneficiarios, " ")
B26: VARIOS | D26: =IFERROR( IF(D$13=0,"",ROUND($N26,0)), " ") | E26: =IFERROR( IF(E$13=0,"",ROUND($N26*2,0))," ") | F26: =IFERROR( IF(F$13=0,"",ROUND($N26*3,0))," ") | G26: =IFERROR( IF(G$13=0,"",ROUND($N26*4,0))," ") | H26: =IFERROR( IF(H$13=0,"",ROUND($N26*5,0))," ") | I26: =IFERROR( IF(I$13=0,"",ROUND($N26*6,0))," ") | J26: =IFERROR( IF(J$13=0,"",ROUND($N26*7,0))," ") | K26: =IFERROR( IF(K$13=0,"",ROUND($N26*8,0))," ") | L26: =IFERROR( IF(L$13=0,"",ROUND($N26*9,0))," ") | M26: =IFERROR( IF(M$13=0,"",ROUND($N26*10,0))," ") | N26: =IFERROR(Reparto!$C26/TotalBeneficiarios, " ")
... B30: VARIOS | D30: =IFERROR( IF(D$13=0,"",ROUND($N30,0)), " ") | E30: =IFERROR( IF(E$13=0,"",ROUND($N30*2,0))," ") | F30: =IFERROR( IF(F$13=0,"",ROUND($N30*3,0))," ") | G30: =IFERROR( IF(G$13=0,"",ROUND($N30*4,0))," ") | H30: =IFERROR( IF(H$13=0,"",ROUND($N30*5,0))," ") | I30: =IFERROR( IF(I$13=0,"",ROUND($N30*6,0))," ") | J30: =IFERROR( IF(J$13=0,"",ROUND($N30*7,0))," ") | K30: =IFERROR( IF(K$13=0,"",ROUND($N30*8,0))," ") | L30: =IFERROR( IF(L$13=0,"",ROUND($N30*9,0))," ") | M30: =IFERROR( IF(M$13=0,"",ROUND($N30*10,0))," ") | N30: =IFERROR(Reparto!$C30/TotalBeneficiarios, " ")

Sheet Resumen
B2: RESUMEN BENEFICIARIOS /AS
B3: Nº Familias por miembros | D3: N.º Personas rango por edades | F3: Nº De familias | G3: Nº De beneficiarios
B4: 1 | C4: =COUNTIF(Listado!K:K,B4) -> 0 | D4: 0-2 años | E4: =COUNTIFS(Listado!F2:F999, ">=" & DATE(YEAR(TODAY())-3, MONTH(TODAY()), DAY(TODAY())), Listado!F2:F999, "<" & DATE(YEAR(TODAY())-0, MONTH(TODAY()), DAY(TODAY()))) -> 0 | F4: =COUNTA(Listado!A2:A999) -> 0 | G4: =COUNTA(Listado!B2:B999) -> 0
B5: 2 | C5: =COUNTIF(Listado!K:K,B5) -> 0 | D5: 3-18 años | E5: =COUNTIFS(Listado!F2:F999, ">=" & DATE(YEAR(TODAY())-18, MONTH(TODAY()), DAY(TODAY())), Listado!F2:F999, "<" & DATE(YEAR(TODAY())-3, MONTH(TODAY()), DAY(TODAY()))) -> 0
B6: 3 | C6: =COUNTIF(Listado!K:K,B6) -> 0 | D6: 19-100 años | E6: =COUNTIFS(Listado!F2:F999, ">=" & DATE(YEAR(TODAY())-100, MONTH(TODAY()), DAY(TODAY())), Listado!F2:F999, "<" & DATE(YEAR(TODAY())-18, MONTH(TODAY()), DAY(TODAY()))) -> 0
B7: 4 | C7: =COUNTIF(Listado!K:K,B7) -> 0
B8: 5 | C8: =COUNTIF(Listado!K:K,B8) -> 0
B9: 6 | C9: =COUNTIF(Listado!K:K,B9) -> 0
B10: 7 | C10: =COUNTIF(Listado!K:K,B10) -> 0
B11: 8 | C11: =COUNTIF(Listado!K:K,B11) -> 0
B12: 9 | C12: =COUNTIF(Listado!K:K,B12) -> 0
B13: 10 | C13: =COUNTIF(Listado!K:K,B13) -> 0
