Workbook

Sheet Resumen mensual
B1: RESUMEN MENSUAL DE BENEFICIARIOS/AS
B2: Entidad: | F2: Fecha:
B3: N.º familias por miembros | D3: Personas por edades | F3: Total familias | G3: Beneficiarios por familias
B4: 1 | D4: menores sin edad | F4: =SUM(C4:C13) -> 0 | G4: =SUMPRODUCT(B4:B13,C4:C13) -> 0
B5: 2 | D5: 0–2 años
B6: 3 | D6: 3–17 años
B7: 4 | D7: 18 o más
B8: 5 | D8: Beneficiarios por edad | E8: =SUM(E4:E7) -> 0
B9: 6 | D9: =IF(G4=E8,"Recuento correcto: los totales coinciden.","Revisa los recuentos: los totales no coinciden.") -> Recuento correcto: los totales coinciden.
B10: 7
B11: 8
B12: 9
B13: 10

Sheet Reparto
F9: ENVASES A REPARTIR POR FAMILIA
B10: ="Cantd/Familias: "&SUM(D13:M13) -> Cantd/Familias: 0
B11: Completa en Resumen mensual las familias por tamaño y las personas por edades, incluidos los ceros. El reparto se calcula cuando ambos totales coinciden. Introduce aquí las cantidades asignadas en envases.
C12: Beneficiarios: | D12: =D13*1 -> 0 | E12: =E13*2 -> 0 | F12: =F13*3 -> 0 | G12: =G13*4 -> 0 | H12: =H13*5 -> 0 | I12: =I13*6 -> 0 | J12: =J13*7 -> 0 | K12: =K13*8 -> 0 | L12: =L13*9 -> 0 | M12: =M13*10 -> 0 | N12: =SUM(D12:M12) -> 0
C13: Familias: | D13: ='Resumen mensual'!$C$4 | E13: ='Resumen mensual'!$C$5 | F13: ='Resumen mensual'!$C$6 | G13: ='Resumen mensual'!$C$7 | H13: ='Resumen mensual'!$C$8 | I13: ='Resumen mensual'!$C$9 | J13: ='Resumen mensual'!$C$10 | K13: ='Resumen mensual'!$C$11 | L13: ='Resumen mensual'!$C$12 | M13: ='Resumen mensual'!$C$13 | N13: =SUM(D13:M13) -> 0
B14: ALIMENTOS | C14: CANTIDADES ASIGNADAS | D14: 1 MIEMBROS | E14: 2 MIEMBROS | F14: 3 MIEMBROS | G14: 4 MIEMBROS | H14: 5 MIEMBROS | I14: 6 MIEMBROS | J14: 7 MIEMBROS | K14: 8 MIEMBROS | L14: 9 MIEMBROS | M14: 10 MIEMBROS | N14: .
B15: Leche | D15: =IFERROR(IF(OR(D$13=0,$N15=""),"",ROUND($N15*1,0)),"") | E15: =IFERROR(IF(OR(E$13=0,$N15=""),"",ROUND($N15*2,0)),"") | F15: =IFERROR(IF(OR(F$13=0,$N15=""),"",ROUND($N15*3,0)),"") | G15: =IFERROR(IF(OR(G$13=0,$N15=""),"",ROUND($N15*4,0)),"") | H15: =IFERROR(IF(OR(H$13=0,$N15=""),"",ROUND($N15*5,0)),"") | I15: =IFERROR(IF(OR(I$13=0,$N15=""),"",ROUND($N15*6,0)),"") | J15: =IFERROR(IF(OR(J$13=0,$N15=""),"",ROUND($N15*7,0)),"") | K15: =IFERROR(IF(OR(K$13=0,$N15=""),"",ROUND($N15*8,0)),"") | L15: =IFERROR(IF(OR(L$13=0,$N15=""),"",ROUND($N15*9,0)),"") | M15: =IFERROR(IF(OR(M$13=0,$N15=""),"",ROUND($N15*10,0)),"") | N15: =IFERROR(IF($C15="","",IF(AND('Resumen mensual'!$E$8=$N$12,$N$12>0),$C15/$N$12,"")),"")
B16: Harinas y gofio | D16: =IFERROR(IF(OR(D$13=0,$N16=""),"",ROUND($N16*1,0)),"") | E16: =IFERROR(IF(OR(E$13=0,$N16=""),"",ROUND($N16*2,0)),"") | F16: =IFERROR(IF(OR(F$13=0,$N16=""),"",ROUND($N16*3,0)),"") | G16: =IFERROR(IF(OR(G$13=0,$N16=""),"",ROUND($N16*4,0)),"") | H16: =IFERROR(IF(OR(H$13=0,$N16=""),"",ROUND($N16*5,0)),"") | I16: =IFERROR(IF(OR(I$13=0,$N16=""),"",ROUND($N16*6,0)),"") | J16: =IFERROR(IF(OR(J$13=0,$N16=""),"",ROUND($N16*7,0)),"") | K16: =IFERROR(IF(OR(K$13=0,$N16=""),"",ROUND($N16*8,0)),"") | L16: =IFERROR(IF(OR(L$13=0,$N16=""),"",ROUND($N16*9,0)),"") | M16: =IFERROR(IF(OR(M$13=0,$N16=""),"",ROUND($N16*10,0)),"") | N16: =IFERROR(IF($C16="","",IF(AND('Resumen mensual'!$E$8=$N$12,$N$12>0),$C16/$N$12,"")),"")
B17: Arroz | D17: =IFERROR(IF(OR(D$13=0,$N17=""),"",ROUND($N17*1,0)),"") | E17: =IFERROR(IF(OR(E$13=0,$N17=""),"",ROUND($N17*2,0)),"") | F17: =IFERROR(IF(OR(F$13=0,$N17=""),"",ROUND($N17*3,0)),"") | G17: =IFERROR(IF(OR(G$13=0,$N17=""),"",ROUND($N17*4,0)),"") | H17: =IFERROR(IF(OR(H$13=0,$N17=""),"",ROUND($N17*5,0)),"") | I17: =IFERROR(IF(OR(I$13=0,$N17=""),"",ROUND($N17*6,0)),"") | J17: =IFERROR(IF(OR(J$13=0,$N17=""),"",ROUND($N17*7,0)),"") | K17: =IFERROR(IF(OR(K$13=0,$N17=""),"",ROUND($N17*8,0)),"") | L17: =IFERROR(IF(OR(L$13=0,$N17=""),"",ROUND($N17*9,0)),"") | M17: =IFERROR(IF(OR(M$13=0,$N17=""),"",ROUND($N17*10,0)),"") | N17: =IFERROR(IF($C17="","",IF(AND('Resumen mensual'!$E$8=$N$12,$N$12>0),$C17/$N$12,"")),"")
B18: Pasta | D18: =IFERROR(IF(OR(D$13=0,$N18=""),"",ROUND($N18*1,0)),"") | E18: =IFERROR(IF(OR(E$13=0,$N18=""),"",ROUND($N18*2,0)),"") | F18: =IFERROR(IF(OR(F$13=0,$N18=""),"",ROUND($N18*3,0)),"") | G18: =IFERROR(IF(OR(G$13=0,$N18=""),"",ROUND($N18*4,0)),"") | H18: =IFERROR(IF(OR(H$13=0,$N18=""),"",ROUND($N18*5,0)),"") | I18: =IFERROR(IF(OR(I$13=0,$N18=""),"",ROUND($N18*6,0)),"") | J18: =IFERROR(IF(OR(J$13=0,$N18=""),"",ROUND($N18*7,0)),"") | K18: =IFERROR(IF(OR(K$13=0,$N18=""),"",ROUND($N18*8,0)),"") | L18: =IFERROR(IF(OR(L$13=0,$N18=""),"",ROUND($N18*9,0)),"") | M18: =IFERROR(IF(OR(M$13=0,$N18=""),"",ROUND($N18*10,0)),"") | N18: =IFERROR(IF($C18="","",IF(AND('Resumen mensual'!$E$8=$N$12,$N$12>0),$C18/$N$12,"")),"")
B19: Legumbres | D19: =IFERROR(IF(OR(D$13=0,$N19=""),"",ROUND($N19*1,0)),"") | E19: =IFERROR(IF(OR(E$13=0,$N19=""),"",ROUND($N19*2,0)),"") | F19: =IFERROR(IF(OR(F$13=0,$N19=""),"",ROUND($N19*3,0)),"") | G19: =IFERROR(IF(OR(G$13=0,$N19=""),"",ROUND($N19*4,0)),"") | H19: =IFERROR(IF(OR(H$13=0,$N19=""),"",ROUND($N19*5,0)),"") | I19: =IFERROR(IF(OR(I$13=0,$N19=""),"",ROUND($N19*6,0)),"") | J19: =IFERROR(IF(OR(J$13=0,$N19=""),"",ROUND($N19*7,0)),"") | K19: =IFERROR(IF(OR(K$13=0,$N19=""),"",ROUND($N19*8,0)),"") | L19: =IFERROR(IF(OR(L$13=0,$N19=""),"",ROUND($N19*9,0)),"") | M19: =IFERROR(IF(OR(M$13=0,$N19=""),"",ROUND($N19*10,0)),"") | N19: =IFERROR(IF($C19="","",IF(AND('Resumen mensual'!$E$8=$N$12,$N$12>0),$C19/$N$12,"")),"")
B20: Salsas variadas | D20: =IFERROR(IF(OR(D$13=0,$N20=""),"",ROUND($N20*1,0)),"") | E20: =IFERROR(IF(OR(E$13=0,$N20=""),"",ROUND($N20*2,0)),"") | F20: =IFERROR(IF(OR(F$13=0,$N20=""),"",ROUND($N20*3,0)),"") | G20: =IFERROR(IF(OR(G$13=0,$N20=""),"",ROUND($N20*4,0)),"") | H20: =IFERROR(IF(OR(H$13=0,$N20=""),"",ROUND($N20*5,0)),"") | I20: =IFERROR(IF(OR(I$13=0,$N20=""),"",ROUND($N20*6,0)),"") | J20: =IFERROR(IF(OR(J$13=0,$N20=""),"",ROUND($N20*7,0)),"") | K20: =IFERROR(IF(OR(K$13=0,$N20=""),"",ROUND($N20*8,0)),"") | L20: =IFERROR(IF(OR(L$13=0,$N20=""),"",ROUND($N20*9,0)),"") | M20: =IFERROR(IF(OR(M$13=0,$N20=""),"",ROUND($N20*10,0)),"") | N20: =IFERROR(IF($C20="","",IF(AND('Resumen mensual'!$E$8=$N$12,$N$12>0),$C20/$N$12,"")),"")
B21: Aceites | D21: =IFERROR(IF(OR(D$13=0,$N21=""),"",ROUND($N21*1,0)),"") | E21: =IFERROR(IF(OR(E$13=0,$N21=""),"",ROUND($N21*2,0)),"") | F21: =IFERROR(IF(OR(F$13=0,$N21=""),"",ROUND($N21*3,0)),"") | G21: =IFERROR(IF(OR(G$13=0,$N21=""),"",ROUND($N21*4,0)),"") | H21: =IFERROR(IF(OR(H$13=0,$N21=""),"",ROUND($N21*5,0)),"") | I21: =IFERROR(IF(OR(I$13=0,$N21=""),"",ROUND($N21*6,0)),"") | J21: =IFERROR(IF(OR(J$13=0,$N21=""),"",ROUND($N21*7,0)),"") | K21: =IFERROR(IF(OR(K$13=0,$N21=""),"",ROUND($N21*8,0)),"") | L21: =IFERROR(IF(OR(L$13=0,$N21=""),"",ROUND($N21*9,0)),"") | M21: =IFERROR(IF(OR(M$13=0,$N21=""),"",ROUND($N21*10,0)),"") | N21: =IFERROR(IF($C21="","",IF(AND('Resumen mensual'!$E$8=$N$12,$N$12>0),$C21/$N$12,"")),"")
B22: Pescado en conserva | D22: =IFERROR(IF(OR(D$13=0,$N22=""),"",ROUND($N22*1,0)),"") | E22: =IFERROR(IF(OR(E$13=0,$N22=""),"",ROUND($N22*2,0)),"") | F22: =IFERROR(IF(OR(F$13=0,$N22=""),"",ROUND($N22*3,0)),"") | G22: =IFERROR(IF(OR(G$13=0,$N22=""),"",ROUND($N22*4,0)),"") | H22: =IFERROR(IF(OR(H$13=0,$N22=""),"",ROUND($N22*5,0)),"") | I22: =IFERROR(IF(OR(I$13=0,$N22=""),"",ROUND($N22*6,0)),"") | J22: =IFERROR(IF(OR(J$13=0,$N22=""),"",ROUND($N22*7,0)),"") | K22: =IFERROR(IF(OR(K$13=0,$N22=""),"",ROUND($N22*8,0)),"") | L22: =IFERROR(IF(OR(L$13=0,$N22=""),"",ROUND($N22*9,0)),"") | M22: =IFERROR(IF(OR(M$13=0,$N22=""),"",ROUND($N22*10,0)),"") | N22: =IFERROR(IF($C22="","",IF(AND('Resumen mensual'!$E$8=$N$12,$N$12>0),$C22/$N$12,"")),"")
B23: Carne en conserva | D23: =IFERROR(IF(OR(D$13=0,$N23=""),"",ROUND($N23*1,0)),"") | E23: =IFERROR(IF(OR(E$13=0,$N23=""),"",ROUND($N23*2,0)),"") | F23: =IFERROR(IF(OR(F$13=0,$N23=""),"",ROUND($N23*3,0)),"") | G23: =IFERROR(IF(OR(G$13=0,$N23=""),"",ROUND($N23*4,0)),"") | H23: =IFERROR(IF(OR(H$13=0,$N23=""),"",ROUND($N23*5,0)),"") | I23: =IFERROR(IF(OR(I$13=0,$N23=""),"",ROUND($N23*6,0)),"") | J23: =IFERROR(IF(OR(J$13=0,$N23=""),"",ROUND($N23*7,0)),"") | K23: =IFERROR(IF(OR(K$13=0,$N23=""),"",ROUND($N23*8,0)),"") | L23: =IFERROR(IF(OR(L$13=0,$N23=""),"",ROUND($N23*9,0)),"") | M23: =IFERROR(IF(OR(M$13=0,$N23=""),"",ROUND($N23*10,0)),"") | N23: =IFERROR(IF($C23="","",IF(AND('Resumen mensual'!$E$8=$N$12,$N$12>0),$C23/$N$12,"")),"")
B24: VARIOS | D24: =IFERROR(IF(OR(D$13=0,$N24=""),"",ROUND($N24*1,0)),"") | E24: =IFERROR(IF(OR(E$13=0,$N24=""),"",ROUND($N24*2,0)),"") | F24: =IFERROR(IF(OR(F$13=0,$N24=""),"",ROUND($N24*3,0)),"") | G24: =IFERROR(IF(OR(G$13=0,$N24=""),"",ROUND($N24*4,0)),"") | H24: =IFERROR(IF(OR(H$13=0,$N24=""),"",ROUND($N24*5,0)),"") | I24: =IFERROR(IF(OR(I$13=0,$N24=""),"",ROUND($N24*6,0)),"") | J24: =IFERROR(IF(OR(J$13=0,$N24=""),"",ROUND($N24*7,0)),"") | K24: =IFERROR(IF(OR(K$13=0,$N24=""),"",ROUND($N24*8,0)),"") | L24: =IFERROR(IF(OR(L$13=0,$N24=""),"",ROUND($N24*9,0)),"") | M24: =IFERROR(IF(OR(M$13=0,$N24=""),"",ROUND($N24*10,0)),"") | N24: =IFERROR(IF($C24="","",IF(AND('Resumen mensual'!$E$8=$N$12,$N$12>0),$C24/$N$12,"")),"")
B25: VARIOS | D25: =IFERROR(IF(OR(D$13=0,$N25=""),"",ROUND($N25*1,0)),"") | E25: =IFERROR(IF(OR(E$13=0,$N25=""),"",ROUND($N25*2,0)),"") | F25: =IFERROR(IF(OR(F$13=0,$N25=""),"",ROUND($N25*3,0)),"") | G25: =IFERROR(IF(OR(G$13=0,$N25=""),"",ROUND($N25*4,0)),"") | H25: =IFERROR(IF(OR(H$13=0,$N25=""),"",ROUND($N25*5,0)),"") | I25: =IFERROR(IF(OR(I$13=0,$N25=""),"",ROUND($N25*6,0)),"") | J25: =IFERROR(IF(OR(J$13=0,$N25=""),"",ROUND($N25*7,0)),"") | K25: =IFERROR(IF(OR(K$13=0,$N25=""),"",ROUND($N25*8,0)),"") | L25: =IFERROR(IF(OR(L$13=0,$N25=""),"",ROUND($N25*9,0)),"") | M25: =IFERROR(IF(OR(M$13=0,$N25=""),"",ROUND($N25*10,0)),"") | N25: =IFERROR(IF($C25="","",IF(AND('Resumen mensual'!$E$8=$N$12,$N$12>0),$C25/$N$12,"")),"")
B26: VARIOS | D26: =IFERROR(IF(OR(D$13=0,$N26=""),"",ROUND($N26*1,0)),"") | E26: =IFERROR(IF(OR(E$13=0,$N26=""),"",ROUND($N26*2,0)),"") | F26: =IFERROR(IF(OR(F$13=0,$N26=""),"",ROUND($N26*3,0)),"") | G26: =IFERROR(IF(OR(G$13=0,$N26=""),"",ROUND($N26*4,0)),"") | H26: =IFERROR(IF(OR(H$13=0,$N26=""),"",ROUND($N26*5,0)),"") | I26: =IFERROR(IF(OR(I$13=0,$N26=""),"",ROUND($N26*6,0)),"") | J26: =IFERROR(IF(OR(J$13=0,$N26=""),"",ROUND($N26*7,0)),"") | K26: =IFERROR(IF(OR(K$13=0,$N26=""),"",ROUND($N26*8,0)),"") | L26: =IFERROR(IF(OR(L$13=0,$N26=""),"",ROUND($N26*9,0)),"") | M26: =IFERROR(IF(OR(M$13=0,$N26=""),"",ROUND($N26*10,0)),"") | N26: =IFERROR(IF($C26="","",IF(AND('Resumen mensual'!$E$8=$N$12,$N$12>0),$C26/$N$12,"")),"")
... B30: VARIOS | D30: =IFERROR(IF(OR(D$13=0,$N30=""),"",ROUND($N30*1,0)),"") | E30: =IFERROR(IF(OR(E$13=0,$N30=""),"",ROUND($N30*2,0)),"") | F30: =IFERROR(IF(OR(F$13=0,$N30=""),"",ROUND($N30*3,0)),"") | G30: =IFERROR(IF(OR(G$13=0,$N30=""),"",ROUND($N30*4,0)),"") | H30: =IFERROR(IF(OR(H$13=0,$N30=""),"",ROUND($N30*5,0)),"") | I30: =IFERROR(IF(OR(I$13=0,$N30=""),"",ROUND($N30*6,0)),"") | J30: =IFERROR(IF(OR(J$13=0,$N30=""),"",ROUND($N30*7,0)),"") | K30: =IFERROR(IF(OR(K$13=0,$N30=""),"",ROUND($N30*8,0)),"") | L30: =IFERROR(IF(OR(L$13=0,$N30=""),"",ROUND($N30*9,0)),"") | M30: =IFERROR(IF(OR(M$13=0,$N30=""),"",ROUND($N30*10,0)),"") | N30: =IFERROR(IF($C30="","",IF(AND('Resumen mensual'!$E$8=$N$12,$N$12>0),$C30/$N$12,"")),"")
