Workbook
Name CitasInvalidas: Resumen!$P:$P
Name VigenciasFamilia: Resumen!$O:$O

Sheet Listado
A1: N.º de familias | B1: N.º de beneficiarios/as | C1: Nombre | D1: Apellidos | E1: Documento | F1: Fecha de nacimiento | G1: Edad | H1: Fecha derivación | I1: Vigencia | J1: Alerta | K1: N.º de miembros familia | L1: Próxima cita | M1: Servicios Sociales | N1: Vigencia aplicada | O1: Si la DERIVACION NO es de los servicios sociales MARCAR "NO". DERIVACION de SERVCIO SOCIAL marcar Si o VACIO.
G2: =IF(F2="", "", DATEDIF(F2, TODAY(), "Y")) | J2: =IFERROR(IF(ISNUMBER(INDEX(VigenciasFamilia,ROW())),INDEX(VigenciasFamilia,ROW())-TODAY(),""),"") | K2: =IF(A2="","",COUNTIFS(Resumen!$N$2:$N$2999,ROW(),Resumen!$V$2:$V$2999,1)) | N2: =IFERROR(IF(OR(INDEX(Resumen!$N:$N,ROW())="",INDEX($M:$M,INDEX(Resumen!$N:$N,ROW()))<>"No"),"",IF(AND(ISNUMBER(INDEX($H:$H,INDEX(Resumen!$N:$N,ROW()))),INDEX($H:$H,INDEX(Resumen!$N:$N,ROW()))>0),IF(INDEX($I:$I,INDEX(Resumen!$N:$N,ROW()))=0,EDATE(INDEX($H:$H,INDEX(Resumen!$N:$N,ROW())),3),IF(AND(ISNUMBER(INDEX($I:$I,INDEX(Resumen!$N:$N,ROW()))),INDEX($I:$I,INDEX(Resumen!$N:$N,ROW()))>0),MIN(INDEX($I:$I,INDEX(Resumen!$N:$N,ROW())),EDATE(INDEX($H:$H,INDEX(Resumen!$N:$N,ROW())),3)),"")),"")),"")
G3: =IF(F3="", "", DATEDIF(F3, TODAY(), "Y")) | J3: =IFERROR(IF(ISNUMBER(INDEX(VigenciasFamilia,ROW())),INDEX(VigenciasFamilia,ROW())-TODAY(),""),"") | K3: =IF(A3="","",COUNTIFS(Resumen!$N$2:$N$2999,ROW(),Resumen!$V$2:$V$2999,1)) | N3: =IFERROR(IF(OR(INDEX(Resumen!$N:$N,ROW())="",INDEX($M:$M,INDEX(Resumen!$N:$N,ROW()))<>"No"),"",IF(AND(ISNUMBER(INDEX($H:$H,INDEX(Resumen!$N:$N,ROW()))),INDEX($H:$H,INDEX(Resumen!$N:$N,ROW()))>0),IF(INDEX($I:$I,INDEX(Resumen!$N:$N,ROW()))=0,EDATE(INDEX($H:$H,INDEX(Resumen!$N:$N,ROW())),3),IF(AND(ISNUMBER(INDEX($I:$I,INDEX(Resumen!$N:$N,ROW()))),INDEX($I:$I,INDEX(Resumen!$N:$N,ROW()))>0),MIN(INDEX($I:$I,INDEX(Resumen!$N:$N,ROW())),EDATE(INDEX($H:$H,INDEX(Resumen!$N:$N,ROW())),3)),"")),"")),"")
G4: =IF(F4="", "", DATEDIF(F4, TODAY(), "Y")) | J4: =IFERROR(IF(ISNUMBER(INDEX(VigenciasFamilia,ROW())),INDEX(VigenciasFamilia,ROW())-TODAY(),""),"") | K4: =IF(A4="","",COUNTIFS(Resumen!$N$2:$N$2999,ROW(),Resumen!$V$2:$V$2999,1)) | N4: =IFERROR(IF(OR(INDEX(Resumen!$N:$N,ROW())="",INDEX($M:$M,INDEX(Resumen!$N:$N,ROW()))<>"No"),"",IF(AND(ISNUMBER(INDEX($H:$H,INDEX(Resumen!$N:$N,ROW()))),INDEX($H:$H,INDEX(Resumen!$N:$N,ROW()))>0),IF(INDEX($I:$I,INDEX(Resumen!$N:$N,ROW()))=0,EDATE(INDEX($H:$H,INDEX(Resumen!$N:$N,ROW())),3),IF(AND(ISNUMBER(INDEX($I:$I,INDEX(Resumen!$N:$N,ROW()))),INDEX($I:$I,INDEX(Resumen!$N:$N,ROW()))>0),MIN(INDEX($I:$I,INDEX(Resumen!$N:$N,ROW())),EDATE(INDEX($H:$H,INDEX(Resumen!$N:$N,ROW())),3)),"")),"")),"")
G5: =IF(F5="", "", DATEDIF(F5, TODAY(), "Y")) | J5: =IFERROR(IF(ISNUMBER(INDEX(VigenciasFamilia,ROW())),INDEX(VigenciasFamilia,ROW())-TODAY(),""),"") | K5: =IF(A5="","",COUNTIFS(Resumen!$N$2:$N$2999,ROW(),Resumen!$V$2:$V$2999,1)) | N5: =IFERROR(IF(OR(INDEX(Resumen!$N:$N,ROW())="",INDEX($M:$M,INDEX(Resumen!$N:$N,ROW()))<>"No"),"",IF(AND(ISNUMBER(INDEX($H:$H,INDEX(Resumen!$N:$N,ROW()))),INDEX($H:$H,INDEX(Resumen!$N:$N,ROW()))>0),IF(INDEX($I:$I,INDEX(Resumen!$N:$N,ROW()))=0,EDATE(INDEX($H:$H,INDEX(Resumen!$N:$N,ROW())),3),IF(AND(ISNUMBER(INDEX($I:$I,INDEX(Resumen!$N:$N,ROW()))),INDEX($I:$I,INDEX(Resumen!$N:$N,ROW()))>0),MIN(INDEX($I:$I,INDEX(Resumen!$N:$N,ROW())),EDATE(INDEX($H:$H,INDEX(Resumen!$N:$N,ROW())),3)),"")),"")),"")
G6: =IF(F6="", "", DATEDIF(F6, TODAY(), "Y")) | J6: =IFERROR(IF(ISNUMBER(INDEX(VigenciasFamilia,ROW())),INDEX(VigenciasFamilia,ROW())-TODAY(),""),"") | K6: =IF(A6="","",COUNTIFS(Resumen!$N$2:$N$2999,ROW(),Resumen!$V$2:$V$2999,1)) | N6: =IFERROR(IF(OR(INDEX(Resumen!$N:$N,ROW())="",INDEX($M:$M,INDEX(Resumen!$N:$N,ROW()))<>"No"),"",IF(AND(ISNUMBER(INDEX($H:$H,INDEX(Resumen!$N:$N,ROW()))),INDEX($H:$H,INDEX(Resumen!$N:$N,ROW()))>0),IF(INDEX($I:$I,INDEX(Resumen!$N:$N,ROW()))=0,EDATE(INDEX($H:$H,INDEX(Resumen!$N:$N,ROW())),3),IF(AND(ISNUMBER(INDEX($I:$I,INDEX(Resumen!$N:$N,ROW()))),INDEX($I:$I,INDEX(Resumen!$N:$N,ROW()))>0),MIN(INDEX($I:$I,INDEX(Resumen!$N:$N,ROW())),EDATE(INDEX($H:$H,INDEX(Resumen!$N:$N,ROW())),3)),"")),"")),"")
G7: =IF(F7="", "", DATEDIF(F7, TODAY(), "Y")) | J7: =IFERROR(IF(ISNUMBER(INDEX(VigenciasFamilia,ROW())),INDEX(VigenciasFamilia,ROW())-TODAY(),""),"") | K7: =IF(A7="","",COUNTIFS(Resumen!$N$2:$N$2999,ROW(),Resumen!$V$2:$V$2999,1)) | N7: =IFERROR(IF(OR(INDEX(Resumen!$N:$N,ROW())="",INDEX($M:$M,INDEX(Resumen!$N:$N,ROW()))<>"No"),"",IF(AND(ISNUMBER(INDEX($H:$H,INDEX(Resumen!$N:$N,ROW()))),INDEX($H:$H,INDEX(Resumen!$N:$N,ROW()))>0),IF(INDEX($I:$I,INDEX(Resumen!$N:$N,ROW()))=0,EDATE(INDEX($H:$H,INDEX(Resumen!$N:$N,ROW())),3),IF(AND(ISNUMBER(INDEX($I:$I,INDEX(Resumen!$N:$N,ROW()))),INDEX($I:$I,INDEX(Resumen!$N:$N,ROW()))>0),MIN(INDEX($I:$I,INDEX(Resumen!$N:$N,ROW())),EDATE(INDEX($H:$H,INDEX(Resumen!$N:$N,ROW())),3)),"")),"")),"")
G8: =IF(F8="", "", DATEDIF(F8, TODAY(), "Y")) | J8: =IFERROR(IF(ISNUMBER(INDEX(VigenciasFamilia,ROW())),INDEX(VigenciasFamilia,ROW())-TODAY(),""),"") | K8: =IF(A8="","",COUNTIFS(Resumen!$N$2:$N$2999,ROW(),Resumen!$V$2:$V$2999,1)) | N8: =IFERROR(IF(OR(INDEX(Resumen!$N:$N,ROW())="",INDEX($M:$M,INDEX(Resumen!$N:$N,ROW()))<>"No"),"",IF(AND(ISNUMBER(INDEX($H:$H,INDEX(Resumen!$N:$N,ROW()))),INDEX($H:$H,INDEX(Resumen!$N:$N,ROW()))>0),IF(INDEX($I:$I,INDEX(Resumen!$N:$N,ROW()))=0,EDATE(INDEX($H:$H,INDEX(Resumen!$N:$N,ROW())),3),IF(AND(ISNUMBER(INDEX($I:$I,INDEX(Resumen!$N:$N,ROW()))),INDEX($I:$I,INDEX(Resumen!$N:$N,ROW()))>0),MIN(INDEX($I:$I,INDEX(Resumen!$N:$N,ROW())),EDATE(INDEX($H:$H,INDEX(Resumen!$N:$N,ROW())),3)),"")),"")),"")
G9: =IF(F9="", "", DATEDIF(F9, TODAY(), "Y")) | J9: =IFERROR(IF(ISNUMBER(INDEX(VigenciasFamilia,ROW())),INDEX(VigenciasFamilia,ROW())-TODAY(),""),"") | K9: =IF(A9="","",COUNTIFS(Resumen!$N$2:$N$2999,ROW(),Resumen!$V$2:$V$2999,1)) | N9: =IFERROR(IF(OR(INDEX(Resumen!$N:$N,ROW())="",INDEX($M:$M,INDEX(Resumen!$N:$N,ROW()))<>"No"),"",IF(AND(ISNUMBER(INDEX($H:$H,INDEX(Resumen!$N:$N,ROW()))),INDEX($H:$H,INDEX(Resumen!$N:$N,ROW()))>0),IF(INDEX($I:$I,INDEX(Resumen!$N:$N,ROW()))=0,EDATE(INDEX($H:$H,INDEX(Resumen!$N:$N,ROW())),3),IF(AND(ISNUMBER(INDEX($I:$I,INDEX(Resumen!$N:$N,ROW()))),INDEX($I:$I,INDEX(Resumen!$N:$N,ROW()))>0),MIN(INDEX($I:$I,INDEX(Resumen!$N:$N,ROW())),EDATE(INDEX($H:$H,INDEX(Resumen!$N:$N,ROW())),3)),"")),"")),"")
G10: =IF(F10="", "", DATEDIF(F10, TODAY(), "Y")) | J10: =IFERROR(IF(ISNUMBER(INDEX(VigenciasFamilia,ROW())),INDEX(VigenciasFamilia,ROW())-TODAY(),""),"") | K10: =IF(A10="","",COUNTIFS(Resumen!$N$2:$N$2999,ROW(),Resumen!$V$2:$V$2999,1)) | N10: =IFERROR(IF(OR(INDEX(Resumen!$N:$N,ROW())="",INDEX($M:$M,INDEX(Resumen!$N:$N,ROW()))<>"No"),"",IF(AND(ISNUMBER(INDEX($H:$H,INDEX(Resumen!$N:$N,ROW()))),INDEX($H:$H,INDEX(Resumen!$N:$N,ROW()))>0),IF(INDEX($I:$I,INDEX(Resumen!$N:$N,ROW()))=0,EDATE(INDEX($H:$H,INDEX(Resumen!$N:$N,ROW())),3),IF(AND(ISNUMBER(INDEX($I:$I,INDEX(Resumen!$N:$N,ROW()))),INDEX($I:$I,INDEX(Resumen!$N:$N,ROW()))>0),MIN(INDEX($I:$I,INDEX(Resumen!$N:$N,ROW())),EDATE(INDEX($H:$H,INDEX(Resumen!$N:$N,ROW())),3)),"")),"")),"")
G11: =IF(F11="", "", DATEDIF(F11, TODAY(), "Y")) | J11: =IFERROR(IF(ISNUMBER(INDEX(VigenciasFamilia,ROW())),INDEX(VigenciasFamilia,ROW())-TODAY(),""),"") | K11: =IF(A11="","",COUNTIFS(Resumen!$N$2:$N$2999,ROW(),Resumen!$V$2:$V$2999,1)) | N11: =IFERROR(IF(OR(INDEX(Resumen!$N:$N,ROW())="",INDEX($M:$M,INDEX(Resumen!$N:$N,ROW()))<>"No"),"",IF(AND(ISNUMBER(INDEX($H:$H,INDEX(Resumen!$N:$N,ROW()))),INDEX($H:$H,INDEX(Resumen!$N:$N,ROW()))>0),IF(INDEX($I:$I,INDEX(Resumen!$N:$N,ROW()))=0,EDATE(INDEX($H:$H,INDEX(Resumen!$N:$N,ROW())),3),IF(AND(ISNUMBER(INDEX($I:$I,INDEX(Resumen!$N:$N,ROW()))),INDEX($I:$I,INDEX(Resumen!$N:$N,ROW()))>0),MIN(INDEX($I:$I,INDEX(Resumen!$N:$N,ROW())),EDATE(INDEX($H:$H,INDEX(Resumen!$N:$N,ROW())),3)),"")),"")),"")
G12: =IF(F12="", "", DATEDIF(F12, TODAY(), "Y")) | J12: =IFERROR(IF(ISNUMBER(INDEX(VigenciasFamilia,ROW())),INDEX(VigenciasFamilia,ROW())-TODAY(),""),"") | K12: =IF(A12="","",COUNTIFS(Resumen!$N$2:$N$2999,ROW(),Resumen!$V$2:$V$2999,1)) | N12: =IFERROR(IF(OR(INDEX(Resumen!$N:$N,ROW())="",INDEX($M:$M,INDEX(Resumen!$N:$N,ROW()))<>"No"),"",IF(AND(ISNUMBER(INDEX($H:$H,INDEX(Resumen!$N:$N,ROW()))),INDEX($H:$H,INDEX(Resumen!$N:$N,ROW()))>0),IF(INDEX($I:$I,INDEX(Resumen!$N:$N,ROW()))=0,EDATE(INDEX($H:$H,INDEX(Resumen!$N:$N,ROW())),3),IF(AND(ISNUMBER(INDEX($I:$I,INDEX(Resumen!$N:$N,ROW()))),INDEX($I:$I,INDEX(Resumen!$N:$N,ROW()))>0),MIN(INDEX($I:$I,INDEX(Resumen!$N:$N,ROW())),EDATE(INDEX($H:$H,INDEX(Resumen!$N:$N,ROW())),3)),"")),"")),"")
G13: =IF(F13="", "", DATEDIF(F13, TODAY(), "Y")) | J13: =IFERROR(IF(ISNUMBER(INDEX(VigenciasFamilia,ROW())),INDEX(VigenciasFamilia,ROW())-TODAY(),""),"") | K13: =IF(A13="","",COUNTIFS(Resumen!$N$2:$N$2999,ROW(),Resumen!$V$2:$V$2999,1)) | N13: =IFERROR(IF(OR(INDEX(Resumen!$N:$N,ROW())="",INDEX($M:$M,INDEX(Resumen!$N:$N,ROW()))<>"No"),"",IF(AND(ISNUMBER(INDEX($H:$H,INDEX(Resumen!$N:$N,ROW()))),INDEX($H:$H,INDEX(Resumen!$N:$N,ROW()))>0),IF(INDEX($I:$I,INDEX(Resumen!$N:$N,ROW()))=0,EDATE(INDEX($H:$H,INDEX(Resumen!$N:$N,ROW())),3),IF(AND(ISNUMBER(INDEX($I:$I,INDEX(Resumen!$N:$N,ROW()))),INDEX($I:$I,INDEX(Resumen!$N:$N,ROW()))>0),MIN(INDEX($I:$I,INDEX(Resumen!$N:$N,ROW())),EDATE(INDEX($H:$H,INDEX(Resumen!$N:$N,ROW())),3)),"")),"")),"")
... G2999: =IF(F2999="", "", DATEDIF(F2999, TODAY(), "Y")) | J2999: =IFERROR(IF(ISNUMBER(INDEX(VigenciasFamilia,ROW())),INDEX(VigenciasFamilia,ROW())-TODAY(),""),"") | K2999: =IF(A2999="","",COUNTIFS(Resumen!$N$2:$N$2999,ROW(),Resumen!$V$2:$V$2999,1)) | N2999: =IFERROR(IF(OR(INDEX(Resumen!$N:$N,ROW())="",INDEX($M:$M,INDEX(Resumen!$N:$N,ROW()))<>"No"),"",IF(AND(ISNUMBER(INDEX($H:$H,INDEX(Resumen!$N:$N,ROW()))),INDEX($H:$H,INDEX(Resumen!$N:$N,ROW()))>0),IF(INDEX($I:$I,INDEX(Resumen!$N:$N,ROW()))=0,EDATE(INDEX($H:$H,INDEX(Resumen!$N:$N,ROW())),3),IF(AND(ISNUMBER(INDEX($I:$I,INDEX(Resumen!$N:$N,ROW()))),INDEX($I:$I,INDEX(Resumen!$N:$N,ROW()))>0),MIN(INDEX($I:$I,INDEX(Resumen!$N:$N,ROW())),EDATE(INDEX($H:$H,INDEX(Resumen!$N:$N,ROW())),3)),"")),"")),"")

Sheet Resumen
B2: RESUMEN BENEFICIARIOS /AS | N2: =IF(V2=0,"",IFERROR(LOOKUP(2,1/(INDEX(Listado!A:A,2):INDEX(Listado!A:A,ROW())<>""),ROW(INDEX(Listado!A:A,2):INDEX(Listado!A:A,ROW()))),"")) | O2: =IFERROR(IF(N2="","",IF(INDEX(Listado!M:M,N2)="No",IF(INDEX(Listado!N:N,N2)=0,"",INDEX(Listado!N:N,N2)),IF(INDEX(Listado!I:I,N2)=0,"",INDEX(Listado!I:I,N2)))),"") | P2: =IF(W2="",0,IFERROR(IF(AND(ISNUMBER(W2),W2=INT(W2),ISNUMBER(O2),O2>0,W2>=TODAY(),W2<=O2+90),0,1),1)) | Q2: =IFERROR(IF(AND(N2<>"",ISNUMBER(O2),O2>0,O2>=TODAY()-90),1,0),0) | R2: =IF(S2="","",COUNTIFS($N$2:$N$2999,ROW(),$Q$2:$Q$2999,1)) | S2: =IF(INDEX(Listado!A:A,ROW())="","",INDEX(Listado!A:A,ROW())) | T2: =IF(INDEX(Listado!G:G,ROW())="","",INDEX(Listado!G:G,ROW())) | U2: =IF(INDEX(Listado!F:F,ROW())="","",INDEX(Listado!F:F,ROW())) | V2: =IF(COUNTA(INDEX(Listado!B:B,ROW()):INDEX(Listado!F:F,ROW()))>0,1,0) | W2: =IF(INDEX(Listado!L:L,ROW())="","",INDEX(Listado!L:L,ROW())) | X2: =IF(N2="","",IF(INDEX(Listado!$M:$M,N2)="No","No","Sí"))
B3: Nº Familias por miembros | D3: N.º Personas rango por edades | F3: Nº De familias | G3: Nº De beneficiarios | N3: =IF(V3=0,"",IFERROR(LOOKUP(2,1/(INDEX(Listado!A:A,2):INDEX(Listado!A:A,ROW())<>""),ROW(INDEX(Listado!A:A,2):INDEX(Listado!A:A,ROW()))),"")) | O3: =IFERROR(IF(N3="","",IF(INDEX(Listado!M:M,N3)="No",IF(INDEX(Listado!N:N,N3)=0,"",INDEX(Listado!N:N,N3)),IF(INDEX(Listado!I:I,N3)=0,"",INDEX(Listado!I:I,N3)))),"") | P3: =IF(W3="",0,IFERROR(IF(AND(ISNUMBER(W3),W3=INT(W3),ISNUMBER(O3),O3>0,W3>=TODAY(),W3<=O3+90),0,1),1)) | Q3: =IFERROR(IF(AND(N3<>"",ISNUMBER(O3),O3>0,O3>=TODAY()-90),1,0),0) | R3: =IF(S3="","",COUNTIFS($N$2:$N$2999,ROW(),$Q$2:$Q$2999,1)) | S3: =IF(INDEX(Listado!A:A,ROW())="","",INDEX(Listado!A:A,ROW())) | T3: =IF(INDEX(Listado!G:G,ROW())="","",INDEX(Listado!G:G,ROW())) | U3: =IF(INDEX(Listado!F:F,ROW())="","",INDEX(Listado!F:F,ROW())) | V3: =IF(COUNTA(INDEX(Listado!B:B,ROW()):INDEX(Listado!F:F,ROW()))>0,1,0) | W3: =IF(INDEX(Listado!L:L,ROW())="","",INDEX(Listado!L:L,ROW())) | X3: =IF(N3="","",IF(INDEX(Listado!$M:$M,N3)="No","No","Sí"))
B4: 1 | C4: =COUNTIFS($S$2:$S$2999,"<>",$R$2:$R$2999,B4) | D4: 0-2 años | E4: =COUNTIFS($Q$2:$Q$2999,1,$T$2:$T$2999,">=0",$T$2:$T$2999,"<=2",$U$2:$U$2999,">0") | F4: =COUNTIFS($S$2:$S$2999,"<>",$R$2:$R$2999,">0") | G4: =SUM($Q$2:$Q$2999) | N4: =IF(V4=0,"",IFERROR(LOOKUP(2,1/(INDEX(Listado!A:A,2):INDEX(Listado!A:A,ROW())<>""),ROW(INDEX(Listado!A:A,2):INDEX(Listado!A:A,ROW()))),"")) | O4: =IFERROR(IF(N4="","",IF(INDEX(Listado!M:M,N4)="No",IF(INDEX(Listado!N:N,N4)=0,"",INDEX(Listado!N:N,N4)),IF(INDEX(Listado!I:I,N4)=0,"",INDEX(Listado!I:I,N4)))),"") | P4: =IF(W4="",0,IFERROR(IF(AND(ISNUMBER(W4),W4=INT(W4),ISNUMBER(O4),O4>0,W4>=TODAY(),W4<=O4+90),0,1),1)) | Q4: =IFERROR(IF(AND(N4<>"",ISNUMBER(O4),O4>0,O4>=TODAY()-90),1,0),0) | R4: =IF(S4="","",COUNTIFS($N$2:$N$2999,ROW(),$Q$2:$Q$2999,1)) | S4: =IF(INDEX(Listado!A:A,ROW())="","",INDEX(Listado!A:A,ROW())) | T4: =IF(INDEX(Listado!G:G,ROW())="","",INDEX(Listado!G:G,ROW())) | U4: =IF(INDEX(Listado!F:F,ROW())="","",INDEX(Listado!F:F,ROW())) | V4: =IF(COUNTA(INDEX(Listado!B:B,ROW()):INDEX(Listado!F:F,ROW()))>0,1,0) | W4: =IF(INDEX(Listado!L:L,ROW())="","",INDEX(Listado!L:L,ROW())) | X4: =IF(N4="","",IF(INDEX(Listado!$M:$M,N4)="No","No","Sí"))
B5: 2 | C5: =COUNTIFS($S$2:$S$2999,"<>",$R$2:$R$2999,B5) | D5: 3-18 años | E5: =COUNTIFS($Q$2:$Q$2999,1,$T$2:$T$2999,">=3",$T$2:$T$2999,"<=18",$U$2:$U$2999,">0") | N5: =IF(V5=0,"",IFERROR(LOOKUP(2,1/(INDEX(Listado!A:A,2):INDEX(Listado!A:A,ROW())<>""),ROW(INDEX(Listado!A:A,2):INDEX(Listado!A:A,ROW()))),"")) | O5: =IFERROR(IF(N5="","",IF(INDEX(Listado!M:M,N5)="No",IF(INDEX(Listado!N:N,N5)=0,"",INDEX(Listado!N:N,N5)),IF(INDEX(Listado!I:I,N5)=0,"",INDEX(Listado!I:I,N5)))),"") | P5: =IF(W5="",0,IFERROR(IF(AND(ISNUMBER(W5),W5=INT(W5),ISNUMBER(O5),O5>0,W5>=TODAY(),W5<=O5+90),0,1),1)) | Q5: =IFERROR(IF(AND(N5<>"",ISNUMBER(O5),O5>0,O5>=TODAY()-90),1,0),0) | R5: =IF(S5="","",COUNTIFS($N$2:$N$2999,ROW(),$Q$2:$Q$2999,1)) | S5: =IF(INDEX(Listado!A:A,ROW())="","",INDEX(Listado!A:A,ROW())) | T5: =IF(INDEX(Listado!G:G,ROW())="","",INDEX(Listado!G:G,ROW())) | U5: =IF(INDEX(Listado!F:F,ROW())="","",INDEX(Listado!F:F,ROW())) | V5: =IF(COUNTA(INDEX(Listado!B:B,ROW()):INDEX(Listado!F:F,ROW()))>0,1,0) | W5: =IF(INDEX(Listado!L:L,ROW())="","",INDEX(Listado!L:L,ROW())) | X5: =IF(N5="","",IF(INDEX(Listado!$M:$M,N5)="No","No","Sí"))
B6: 3 | C6: =COUNTIFS($S$2:$S$2999,"<>",$R$2:$R$2999,B6) | D6: 19-100 años | E6: =COUNTIFS($Q$2:$Q$2999,1,$T$2:$T$2999,">=19",$T$2:$T$2999,"<=100",$U$2:$U$2999,">0") | N6: =IF(V6=0,"",IFERROR(LOOKUP(2,1/(INDEX(Listado!A:A,2):INDEX(Listado!A:A,ROW())<>""),ROW(INDEX(Listado!A:A,2):INDEX(Listado!A:A,ROW()))),"")) | O6: =IFERROR(IF(N6="","",IF(INDEX(Listado!M:M,N6)="No",IF(INDEX(Listado!N:N,N6)=0,"",INDEX(Listado!N:N,N6)),IF(INDEX(Listado!I:I,N6)=0,"",INDEX(Listado!I:I,N6)))),"") | P6: =IF(W6="",0,IFERROR(IF(AND(ISNUMBER(W6),W6=INT(W6),ISNUMBER(O6),O6>0,W6>=TODAY(),W6<=O6+90),0,1),1)) | Q6: =IFERROR(IF(AND(N6<>"",ISNUMBER(O6),O6>0,O6>=TODAY()-90),1,0),0) | R6: =IF(S6="","",COUNTIFS($N$2:$N$2999,ROW(),$Q$2:$Q$2999,1)) | S6: =IF(INDEX(Listado!A:A,ROW())="","",INDEX(Listado!A:A,ROW())) | T6: =IF(INDEX(Listado!G:G,ROW())="","",INDEX(Listado!G:G,ROW())) | U6: =IF(INDEX(Listado!F:F,ROW())="","",INDEX(Listado!F:F,ROW())) | V6: =IF(COUNTA(INDEX(Listado!B:B,ROW()):INDEX(Listado!F:F,ROW()))>0,1,0) | W6: =IF(INDEX(Listado!L:L,ROW())="","",INDEX(Listado!L:L,ROW())) | X6: =IF(N6="","",IF(INDEX(Listado!$M:$M,N6)="No","No","Sí"))
B7: 4 | C7: =COUNTIFS($S$2:$S$2999,"<>",$R$2:$R$2999,B7) | N7: =IF(V7=0,"",IFERROR(LOOKUP(2,1/(INDEX(Listado!A:A,2):INDEX(Listado!A:A,ROW())<>""),ROW(INDEX(Listado!A:A,2):INDEX(Listado!A:A,ROW()))),"")) | O7: =IFERROR(IF(N7="","",IF(INDEX(Listado!M:M,N7)="No",IF(INDEX(Listado!N:N,N7)=0,"",INDEX(Listado!N:N,N7)),IF(INDEX(Listado!I:I,N7)=0,"",INDEX(Listado!I:I,N7)))),"") | P7: =IF(W7="",0,IFERROR(IF(AND(ISNUMBER(W7),W7=INT(W7),ISNUMBER(O7),O7>0,W7>=TODAY(),W7<=O7+90),0,1),1)) | Q7: =IFERROR(IF(AND(N7<>"",ISNUMBER(O7),O7>0,O7>=TODAY()-90),1,0),0) | R7: =IF(S7="","",COUNTIFS($N$2:$N$2999,ROW(),$Q$2:$Q$2999,1)) | S7: =IF(INDEX(Listado!A:A,ROW())="","",INDEX(Listado!A:A,ROW())) | T7: =IF(INDEX(Listado!G:G,ROW())="","",INDEX(Listado!G:G,ROW())) | U7: =IF(INDEX(Listado!F:F,ROW())="","",INDEX(Listado!F:F,ROW())) | V7: =IF(COUNTA(INDEX(Listado!B:B,ROW()):INDEX(Listado!F:F,ROW()))>0,1,0) | W7: =IF(INDEX(Listado!L:L,ROW())="","",INDEX(Listado!L:L,ROW())) | X7: =IF(N7="","",IF(INDEX(Listado!$M:$M,N7)="No","No","Sí"))
B8: 5 | C8: =COUNTIFS($S$2:$S$2999,"<>",$R$2:$R$2999,B8) | N8: =IF(V8=0,"",IFERROR(LOOKUP(2,1/(INDEX(Listado!A:A,2):INDEX(Listado!A:A,ROW())<>""),ROW(INDEX(Listado!A:A,2):INDEX(Listado!A:A,ROW()))),"")) | O8: =IFERROR(IF(N8="","",IF(INDEX(Listado!M:M,N8)="No",IF(INDEX(Listado!N:N,N8)=0,"",INDEX(Listado!N:N,N8)),IF(INDEX(Listado!I:I,N8)=0,"",INDEX(Listado!I:I,N8)))),"") | P8: =IF(W8="",0,IFERROR(IF(AND(ISNUMBER(W8),W8=INT(W8),ISNUMBER(O8),O8>0,W8>=TODAY(),W8<=O8+90),0,1),1)) | Q8: =IFERROR(IF(AND(N8<>"",ISNUMBER(O8),O8>0,O8>=TODAY()-90),1,0),0) | R8: =IF(S8="","",COUNTIFS($N$2:$N$2999,ROW(),$Q$2:$Q$2999,1)) | S8: =IF(INDEX(Listado!A:A,ROW())="","",INDEX(Listado!A:A,ROW())) | T8: =IF(INDEX(Listado!G:G,ROW())="","",INDEX(Listado!G:G,ROW())) | U8: =IF(INDEX(Listado!F:F,ROW())="","",INDEX(Listado!F:F,ROW())) | V8: =IF(COUNTA(INDEX(Listado!B:B,ROW()):INDEX(Listado!F:F,ROW()))>0,1,0) | W8: =IF(INDEX(Listado!L:L,ROW())="","",INDEX(Listado!L:L,ROW())) | X8: =IF(N8="","",IF(INDEX(Listado!$M:$M,N8)="No","No","Sí"))
B9: 6 | C9: =COUNTIFS($S$2:$S$2999,"<>",$R$2:$R$2999,B9) | N9: =IF(V9=0,"",IFERROR(LOOKUP(2,1/(INDEX(Listado!A:A,2):INDEX(Listado!A:A,ROW())<>""),ROW(INDEX(Listado!A:A,2):INDEX(Listado!A:A,ROW()))),"")) | O9: =IFERROR(IF(N9="","",IF(INDEX(Listado!M:M,N9)="No",IF(INDEX(Listado!N:N,N9)=0,"",INDEX(Listado!N:N,N9)),IF(INDEX(Listado!I:I,N9)=0,"",INDEX(Listado!I:I,N9)))),"") | P9: =IF(W9="",0,IFERROR(IF(AND(ISNUMBER(W9),W9=INT(W9),ISNUMBER(O9),O9>0,W9>=TODAY(),W9<=O9+90),0,1),1)) | Q9: =IFERROR(IF(AND(N9<>"",ISNUMBER(O9),O9>0,O9>=TODAY()-90),1,0),0) | R9: =IF(S9="","",COUNTIFS($N$2:$N$2999,ROW(),$Q$2:$Q$2999,1)) | S9: =IF(INDEX(Listado!A:A,ROW())="","",INDEX(Listado!A:A,ROW())) | T9: =IF(INDEX(Listado!G:G,ROW())="","",INDEX(Listado!G:G,ROW())) | U9: =IF(INDEX(Listado!F:F,ROW())="","",INDEX(Listado!F:F,ROW())) | V9: =IF(COUNTA(INDEX(Listado!B:B,ROW()):INDEX(Listado!F:F,ROW()))>0,1,0) | W9: =IF(INDEX(Listado!L:L,ROW())="","",INDEX(Listado!L:L,ROW())) | X9: =IF(N9="","",IF(INDEX(Listado!$M:$M,N9)="No","No","Sí"))
B10: 7 | C10: =COUNTIFS($S$2:$S$2999,"<>",$R$2:$R$2999,B10) | N10: =IF(V10=0,"",IFERROR(LOOKUP(2,1/(INDEX(Listado!A:A,2):INDEX(Listado!A:A,ROW())<>""),ROW(INDEX(Listado!A:A,2):INDEX(Listado!A:A,ROW()))),"")) | O10: =IFERROR(IF(N10="","",IF(INDEX(Listado!M:M,N10)="No",IF(INDEX(Listado!N:N,N10)=0,"",INDEX(Listado!N:N,N10)),IF(INDEX(Listado!I:I,N10)=0,"",INDEX(Listado!I:I,N10)))),"") | P10: =IF(W10="",0,IFERROR(IF(AND(ISNUMBER(W10),W10=INT(W10),ISNUMBER(O10),O10>0,W10>=TODAY(),W10<=O10+90),0,1),1)) | Q10: =IFERROR(IF(AND(N10<>"",ISNUMBER(O10),O10>0,O10>=TODAY()-90),1,0),0) | R10: =IF(S10="","",COUNTIFS($N$2:$N$2999,ROW(),$Q$2:$Q$2999,1)) | S10: =IF(INDEX(Listado!A:A,ROW())="","",INDEX(Listado!A:A,ROW())) | T10: =IF(INDEX(Listado!G:G,ROW())="","",INDEX(Listado!G:G,ROW())) | U10: =IF(INDEX(Listado!F:F,ROW())="","",INDEX(Listado!F:F,ROW())) | V10: =IF(COUNTA(INDEX(Listado!B:B,ROW()):INDEX(Listado!F:F,ROW()))>0,1,0) | W10: =IF(INDEX(Listado!L:L,ROW())="","",INDEX(Listado!L:L,ROW())) | X10: =IF(N10="","",IF(INDEX(Listado!$M:$M,N10)="No","No","Sí"))
B11: 8 | C11: =COUNTIFS($S$2:$S$2999,"<>",$R$2:$R$2999,B11) | N11: =IF(V11=0,"",IFERROR(LOOKUP(2,1/(INDEX(Listado!A:A,2):INDEX(Listado!A:A,ROW())<>""),ROW(INDEX(Listado!A:A,2):INDEX(Listado!A:A,ROW()))),"")) | O11: =IFERROR(IF(N11="","",IF(INDEX(Listado!M:M,N11)="No",IF(INDEX(Listado!N:N,N11)=0,"",INDEX(Listado!N:N,N11)),IF(INDEX(Listado!I:I,N11)=0,"",INDEX(Listado!I:I,N11)))),"") | P11: =IF(W11="",0,IFERROR(IF(AND(ISNUMBER(W11),W11=INT(W11),ISNUMBER(O11),O11>0,W11>=TODAY(),W11<=O11+90),0,1),1)) | Q11: =IFERROR(IF(AND(N11<>"",ISNUMBER(O11),O11>0,O11>=TODAY()-90),1,0),0) | R11: =IF(S11="","",COUNTIFS($N$2:$N$2999,ROW(),$Q$2:$Q$2999,1)) | S11: =IF(INDEX(Listado!A:A,ROW())="","",INDEX(Listado!A:A,ROW())) | T11: =IF(INDEX(Listado!G:G,ROW())="","",INDEX(Listado!G:G,ROW())) | U11: =IF(INDEX(Listado!F:F,ROW())="","",INDEX(Listado!F:F,ROW())) | V11: =IF(COUNTA(INDEX(Listado!B:B,ROW()):INDEX(Listado!F:F,ROW()))>0,1,0) | W11: =IF(INDEX(Listado!L:L,ROW())="","",INDEX(Listado!L:L,ROW())) | X11: =IF(N11="","",IF(INDEX(Listado!$M:$M,N11)="No","No","Sí"))
B12: 9 | C12: =COUNTIFS($S$2:$S$2999,"<>",$R$2:$R$2999,B12) | N12: =IF(V12=0,"",IFERROR(LOOKUP(2,1/(INDEX(Listado!A:A,2):INDEX(Listado!A:A,ROW())<>""),ROW(INDEX(Listado!A:A,2):INDEX(Listado!A:A,ROW()))),"")) | O12: =IFERROR(IF(N12="","",IF(INDEX(Listado!M:M,N12)="No",IF(INDEX(Listado!N:N,N12)=0,"",INDEX(Listado!N:N,N12)),IF(INDEX(Listado!I:I,N12)=0,"",INDEX(Listado!I:I,N12)))),"") | P12: =IF(W12="",0,IFERROR(IF(AND(ISNUMBER(W12),W12=INT(W12),ISNUMBER(O12),O12>0,W12>=TODAY(),W12<=O12+90),0,1),1)) | Q12: =IFERROR(IF(AND(N12<>"",ISNUMBER(O12),O12>0,O12>=TODAY()-90),1,0),0) | R12: =IF(S12="","",COUNTIFS($N$2:$N$2999,ROW(),$Q$2:$Q$2999,1)) | S12: =IF(INDEX(Listado!A:A,ROW())="","",INDEX(Listado!A:A,ROW())) | T12: =IF(INDEX(Listado!G:G,ROW())="","",INDEX(Listado!G:G,ROW())) | U12: =IF(INDEX(Listado!F:F,ROW())="","",INDEX(Listado!F:F,ROW())) | V12: =IF(COUNTA(INDEX(Listado!B:B,ROW()):INDEX(Listado!F:F,ROW()))>0,1,0) | W12: =IF(INDEX(Listado!L:L,ROW())="","",INDEX(Listado!L:L,ROW())) | X12: =IF(N12="","",IF(INDEX(Listado!$M:$M,N12)="No","No","Sí"))
B13: 10 | C13: =COUNTIFS($S$2:$S$2999,"<>",$R$2:$R$2999,B13) | N13: =IF(V13=0,"",IFERROR(LOOKUP(2,1/(INDEX(Listado!A:A,2):INDEX(Listado!A:A,ROW())<>""),ROW(INDEX(Listado!A:A,2):INDEX(Listado!A:A,ROW()))),"")) | O13: =IFERROR(IF(N13="","",IF(INDEX(Listado!M:M,N13)="No",IF(INDEX(Listado!N:N,N13)=0,"",INDEX(Listado!N:N,N13)),IF(INDEX(Listado!I:I,N13)=0,"",INDEX(Listado!I:I,N13)))),"") | P13: =IF(W13="",0,IFERROR(IF(AND(ISNUMBER(W13),W13=INT(W13),ISNUMBER(O13),O13>0,W13>=TODAY(),W13<=O13+90),0,1),1)) | Q13: =IFERROR(IF(AND(N13<>"",ISNUMBER(O13),O13>0,O13>=TODAY()-90),1,0),0) | R13: =IF(S13="","",COUNTIFS($N$2:$N$2999,ROW(),$Q$2:$Q$2999,1)) | S13: =IF(INDEX(Listado!A:A,ROW())="","",INDEX(Listado!A:A,ROW())) | T13: =IF(INDEX(Listado!G:G,ROW())="","",INDEX(Listado!G:G,ROW())) | U13: =IF(INDEX(Listado!F:F,ROW())="","",INDEX(Listado!F:F,ROW())) | V13: =IF(COUNTA(INDEX(Listado!B:B,ROW()):INDEX(Listado!F:F,ROW()))>0,1,0) | W13: =IF(INDEX(Listado!L:L,ROW())="","",INDEX(Listado!L:L,ROW())) | X13: =IF(N13="","",IF(INDEX(Listado!$M:$M,N13)="No","No","Sí"))
N14: =IF(V14=0,"",IFERROR(LOOKUP(2,1/(INDEX(Listado!A:A,2):INDEX(Listado!A:A,ROW())<>""),ROW(INDEX(Listado!A:A,2):INDEX(Listado!A:A,ROW()))),"")) | O14: =IFERROR(IF(N14="","",IF(INDEX(Listado!M:M,N14)="No",IF(INDEX(Listado!N:N,N14)=0,"",INDEX(Listado!N:N,N14)),IF(INDEX(Listado!I:I,N14)=0,"",INDEX(Listado!I:I,N14)))),"") | P14: =IF(W14="",0,IFERROR(IF(AND(ISNUMBER(W14),W14=INT(W14),ISNUMBER(O14),O14>0,W14>=TODAY(),W14<=O14+90),0,1),1)) | Q14: =IFERROR(IF(AND(N14<>"",ISNUMBER(O14),O14>0,O14>=TODAY()-90),1,0),0) | R14: =IF(S14="","",COUNTIFS($N$2:$N$2999,ROW(),$Q$2:$Q$2999,1)) | S14: =IF(INDEX(Listado!A:A,ROW())="","",INDEX(Listado!A:A,ROW())) | T14: =IF(INDEX(Listado!G:G,ROW())="","",INDEX(Listado!G:G,ROW())) | U14: =IF(INDEX(Listado!F:F,ROW())="","",INDEX(Listado!F:F,ROW())) | V14: =IF(COUNTA(INDEX(Listado!B:B,ROW()):INDEX(Listado!F:F,ROW()))>0,1,0) | W14: =IF(INDEX(Listado!L:L,ROW())="","",INDEX(Listado!L:L,ROW())) | X14: =IF(N14="","",IF(INDEX(Listado!$M:$M,N14)="No","No","Sí"))
N15: =IF(V15=0,"",IFERROR(LOOKUP(2,1/(INDEX(Listado!A:A,2):INDEX(Listado!A:A,ROW())<>""),ROW(INDEX(Listado!A:A,2):INDEX(Listado!A:A,ROW()))),"")) | O15: =IFERROR(IF(N15="","",IF(INDEX(Listado!M:M,N15)="No",IF(INDEX(Listado!N:N,N15)=0,"",INDEX(Listado!N:N,N15)),IF(INDEX(Listado!I:I,N15)=0,"",INDEX(Listado!I:I,N15)))),"") | P15: =IF(W15="",0,IFERROR(IF(AND(ISNUMBER(W15),W15=INT(W15),ISNUMBER(O15),O15>0,W15>=TODAY(),W15<=O15+90),0,1),1)) | Q15: =IFERROR(IF(AND(N15<>"",ISNUMBER(O15),O15>0,O15>=TODAY()-90),1,0),0) | R15: =IF(S15="","",COUNTIFS($N$2:$N$2999,ROW(),$Q$2:$Q$2999,1)) | S15: =IF(INDEX(Listado!A:A,ROW())="","",INDEX(Listado!A:A,ROW())) | T15: =IF(INDEX(Listado!G:G,ROW())="","",INDEX(Listado!G:G,ROW())) | U15: =IF(INDEX(Listado!F:F,ROW())="","",INDEX(Listado!F:F,ROW())) | V15: =IF(COUNTA(INDEX(Listado!B:B,ROW()):INDEX(Listado!F:F,ROW()))>0,1,0) | W15: =IF(INDEX(Listado!L:L,ROW())="","",INDEX(Listado!L:L,ROW())) | X15: =IF(N15="","",IF(INDEX(Listado!$M:$M,N15)="No","No","Sí"))
B16: NO EDITAR NI BORRAR | N16: =IF(V16=0,"",IFERROR(LOOKUP(2,1/(INDEX(Listado!A:A,2):INDEX(Listado!A:A,ROW())<>""),ROW(INDEX(Listado!A:A,2):INDEX(Listado!A:A,ROW()))),"")) | O16: =IFERROR(IF(N16="","",IF(INDEX(Listado!M:M,N16)="No",IF(INDEX(Listado!N:N,N16)=0,"",INDEX(Listado!N:N,N16)),IF(INDEX(Listado!I:I,N16)=0,"",INDEX(Listado!I:I,N16)))),"") | P16: =IF(W16="",0,IFERROR(IF(AND(ISNUMBER(W16),W16=INT(W16),ISNUMBER(O16),O16>0,W16>=TODAY(),W16<=O16+90),0,1),1)) | Q16: =IFERROR(IF(AND(N16<>"",ISNUMBER(O16),O16>0,O16>=TODAY()-90),1,0),0) | R16: =IF(S16="","",COUNTIFS($N$2:$N$2999,ROW(),$Q$2:$Q$2999,1)) | S16: =IF(INDEX(Listado!A:A,ROW())="","",INDEX(Listado!A:A,ROW())) | T16: =IF(INDEX(Listado!G:G,ROW())="","",INDEX(Listado!G:G,ROW())) | U16: =IF(INDEX(Listado!F:F,ROW())="","",INDEX(Listado!F:F,ROW())) | V16: =IF(COUNTA(INDEX(Listado!B:B,ROW()):INDEX(Listado!F:F,ROW()))>0,1,0) | W16: =IF(INDEX(Listado!L:L,ROW())="","",INDEX(Listado!L:L,ROW())) | X16: =IF(N16="","",IF(INDEX(Listado!$M:$M,N16)="No","No","Sí"))
N17: =IF(V17=0,"",IFERROR(LOOKUP(2,1/(INDEX(Listado!A:A,2):INDEX(Listado!A:A,ROW())<>""),ROW(INDEX(Listado!A:A,2):INDEX(Listado!A:A,ROW()))),"")) | O17: =IFERROR(IF(N17="","",IF(INDEX(Listado!M:M,N17)="No",IF(INDEX(Listado!N:N,N17)=0,"",INDEX(Listado!N:N,N17)),IF(INDEX(Listado!I:I,N17)=0,"",INDEX(Listado!I:I,N17)))),"") | P17: =IF(W17="",0,IFERROR(IF(AND(ISNUMBER(W17),W17=INT(W17),ISNUMBER(O17),O17>0,W17>=TODAY(),W17<=O17+90),0,1),1)) | Q17: =IFERROR(IF(AND(N17<>"",ISNUMBER(O17),O17>0,O17>=TODAY()-90),1,0),0) | R17: =IF(S17="","",COUNTIFS($N$2:$N$2999,ROW(),$Q$2:$Q$2999,1)) | S17: =IF(INDEX(Listado!A:A,ROW())="","",INDEX(Listado!A:A,ROW())) | T17: =IF(INDEX(Listado!G:G,ROW())="","",INDEX(Listado!G:G,ROW())) | U17: =IF(INDEX(Listado!F:F,ROW())="","",INDEX(Listado!F:F,ROW())) | V17: =IF(COUNTA(INDEX(Listado!B:B,ROW()):INDEX(Listado!F:F,ROW()))>0,1,0) | W17: =IF(INDEX(Listado!L:L,ROW())="","",INDEX(Listado!L:L,ROW())) | X17: =IF(N17="","",IF(INDEX(Listado!$M:$M,N17)="No","No","Sí"))
N18: =IF(V18=0,"",IFERROR(LOOKUP(2,1/(INDEX(Listado!A:A,2):INDEX(Listado!A:A,ROW())<>""),ROW(INDEX(Listado!A:A,2):INDEX(Listado!A:A,ROW()))),"")) | O18: =IFERROR(IF(N18="","",IF(INDEX(Listado!M:M,N18)="No",IF(INDEX(Listado!N:N,N18)=0,"",INDEX(Listado!N:N,N18)),IF(INDEX(Listado!I:I,N18)=0,"",INDEX(Listado!I:I,N18)))),"") | P18: =IF(W18="",0,IFERROR(IF(AND(ISNUMBER(W18),W18=INT(W18),ISNUMBER(O18),O18>0,W18>=TODAY(),W18<=O18+90),0,1),1)) | Q18: =IFERROR(IF(AND(N18<>"",ISNUMBER(O18),O18>0,O18>=TODAY()-90),1,0),0) | R18: =IF(S18="","",COUNTIFS($N$2:$N$2999,ROW(),$Q$2:$Q$2999,1)) | S18: =IF(INDEX(Listado!A:A,ROW())="","",INDEX(Listado!A:A,ROW())) | T18: =IF(INDEX(Listado!G:G,ROW())="","",INDEX(Listado!G:G,ROW())) | U18: =IF(INDEX(Listado!F:F,ROW())="","",INDEX(Listado!F:F,ROW())) | V18: =IF(COUNTA(INDEX(Listado!B:B,ROW()):INDEX(Listado!F:F,ROW()))>0,1,0) | W18: =IF(INDEX(Listado!L:L,ROW())="","",INDEX(Listado!L:L,ROW())) | X18: =IF(N18="","",IF(INDEX(Listado!$M:$M,N18)="No","No","Sí"))
B19: Total de personas excluidas | E19: Total de personas incluidas y excluidas | N19: =IF(V19=0,"",IFERROR(LOOKUP(2,1/(INDEX(Listado!A:A,2):INDEX(Listado!A:A,ROW())<>""),ROW(INDEX(Listado!A:A,2):INDEX(Listado!A:A,ROW()))),"")) | O19: =IFERROR(IF(N19="","",IF(INDEX(Listado!M:M,N19)="No",IF(INDEX(Listado!N:N,N19)=0,"",INDEX(Listado!N:N,N19)),IF(INDEX(Listado!I:I,N19)=0,"",INDEX(Listado!I:I,N19)))),"") | P19: =IF(W19="",0,IFERROR(IF(AND(ISNUMBER(W19),W19=INT(W19),ISNUMBER(O19),O19>0,W19>=TODAY(),W19<=O19+90),0,1),1)) | Q19: =IFERROR(IF(AND(N19<>"",ISNUMBER(O19),O19>0,O19>=TODAY()-90),1,0),0) | R19: =IF(S19="","",COUNTIFS($N$2:$N$2999,ROW(),$Q$2:$Q$2999,1)) | S19: =IF(INDEX(Listado!A:A,ROW())="","",INDEX(Listado!A:A,ROW())) | T19: =IF(INDEX(Listado!G:G,ROW())="","",INDEX(Listado!G:G,ROW())) | U19: =IF(INDEX(Listado!F:F,ROW())="","",INDEX(Listado!F:F,ROW())) | V19: =IF(COUNTA(INDEX(Listado!B:B,ROW()):INDEX(Listado!F:F,ROW()))>0,1,0) | W19: =IF(INDEX(Listado!L:L,ROW())="","",INDEX(Listado!L:L,ROW())) | X19: =IF(N19="","",IF(INDEX(Listado!$M:$M,N19)="No","No","Sí"))
B20: =SUM($V$2:$V$2999)-SUM($Q$2:$Q$2999) | E20: =SUM($V$2:$V$2999) | N20: =IF(V20=0,"",IFERROR(LOOKUP(2,1/(INDEX(Listado!A:A,2):INDEX(Listado!A:A,ROW())<>""),ROW(INDEX(Listado!A:A,2):INDEX(Listado!A:A,ROW()))),"")) | O20: =IFERROR(IF(N20="","",IF(INDEX(Listado!M:M,N20)="No",IF(INDEX(Listado!N:N,N20)=0,"",INDEX(Listado!N:N,N20)),IF(INDEX(Listado!I:I,N20)=0,"",INDEX(Listado!I:I,N20)))),"") | P20: =IF(W20="",0,IFERROR(IF(AND(ISNUMBER(W20),W20=INT(W20),ISNUMBER(O20),O20>0,W20>=TODAY(),W20<=O20+90),0,1),1)) | Q20: =IFERROR(IF(AND(N20<>"",ISNUMBER(O20),O20>0,O20>=TODAY()-90),1,0),0) | R20: =IF(S20="","",COUNTIFS($N$2:$N$2999,ROW(),$Q$2:$Q$2999,1)) | S20: =IF(INDEX(Listado!A:A,ROW())="","",INDEX(Listado!A:A,ROW())) | T20: =IF(INDEX(Listado!G:G,ROW())="","",INDEX(Listado!G:G,ROW())) | U20: =IF(INDEX(Listado!F:F,ROW())="","",INDEX(Listado!F:F,ROW())) | V20: =IF(COUNTA(INDEX(Listado!B:B,ROW()):INDEX(Listado!F:F,ROW()))>0,1,0) | W20: =IF(INDEX(Listado!L:L,ROW())="","",INDEX(Listado!L:L,ROW())) | X20: =IF(N20="","",IF(INDEX(Listado!$M:$M,N20)="No","No","Sí"))
N21: =IF(V21=0,"",IFERROR(LOOKUP(2,1/(INDEX(Listado!A:A,2):INDEX(Listado!A:A,ROW())<>""),ROW(INDEX(Listado!A:A,2):INDEX(Listado!A:A,ROW()))),"")) | O21: =IFERROR(IF(N21="","",IF(INDEX(Listado!M:M,N21)="No",IF(INDEX(Listado!N:N,N21)=0,"",INDEX(Listado!N:N,N21)),IF(INDEX(Listado!I:I,N21)=0,"",INDEX(Listado!I:I,N21)))),"") | P21: =IF(W21="",0,IFERROR(IF(AND(ISNUMBER(W21),W21=INT(W21),ISNUMBER(O21),O21>0,W21>=TODAY(),W21<=O21+90),0,1),1)) | Q21: =IFERROR(IF(AND(N21<>"",ISNUMBER(O21),O21>0,O21>=TODAY()-90),1,0),0) | R21: =IF(S21="","",COUNTIFS($N$2:$N$2999,ROW(),$Q$2:$Q$2999,1)) | S21: =IF(INDEX(Listado!A:A,ROW())="","",INDEX(Listado!A:A,ROW())) | T21: =IF(INDEX(Listado!G:G,ROW())="","",INDEX(Listado!G:G,ROW())) | U21: =IF(INDEX(Listado!F:F,ROW())="","",INDEX(Listado!F:F,ROW())) | V21: =IF(COUNTA(INDEX(Listado!B:B,ROW()):INDEX(Listado!F:F,ROW()))>0,1,0) | W21: =IF(INDEX(Listado!L:L,ROW())="","",INDEX(Listado!L:L,ROW())) | X21: =IF(N21="","",IF(INDEX(Listado!$M:$M,N21)="No","No","Sí"))
N22: =IF(V22=0,"",IFERROR(LOOKUP(2,1/(INDEX(Listado!A:A,2):INDEX(Listado!A:A,ROW())<>""),ROW(INDEX(Listado!A:A,2):INDEX(Listado!A:A,ROW()))),"")) | O22: =IFERROR(IF(N22="","",IF(INDEX(Listado!M:M,N22)="No",IF(INDEX(Listado!N:N,N22)=0,"",INDEX(Listado!N:N,N22)),IF(INDEX(Listado!I:I,N22)=0,"",INDEX(Listado!I:I,N22)))),"") | P22: =IF(W22="",0,IFERROR(IF(AND(ISNUMBER(W22),W22=INT(W22),ISNUMBER(O22),O22>0,W22>=TODAY(),W22<=O22+90),0,1),1)) | Q22: =IFERROR(IF(AND(N22<>"",ISNUMBER(O22),O22>0,O22>=TODAY()-90),1,0),0) | R22: =IF(S22="","",COUNTIFS($N$2:$N$2999,ROW(),$Q$2:$Q$2999,1)) | S22: =IF(INDEX(Listado!A:A,ROW())="","",INDEX(Listado!A:A,ROW())) | T22: =IF(INDEX(Listado!G:G,ROW())="","",INDEX(Listado!G:G,ROW())) | U22: =IF(INDEX(Listado!F:F,ROW())="","",INDEX(Listado!F:F,ROW())) | V22: =IF(COUNTA(INDEX(Listado!B:B,ROW()):INDEX(Listado!F:F,ROW()))>0,1,0) | W22: =IF(INDEX(Listado!L:L,ROW())="","",INDEX(Listado!L:L,ROW())) | X22: =IF(N22="","",IF(INDEX(Listado!$M:$M,N22)="No","No","Sí"))
B23: PERSONAS POR ORIGEN — INCLUIDAS Y EXCLUIDAS | N23: =IF(V23=0,"",IFERROR(LOOKUP(2,1/(INDEX(Listado!A:A,2):INDEX(Listado!A:A,ROW())<>""),ROW(INDEX(Listado!A:A,2):INDEX(Listado!A:A,ROW()))),"")) | O23: =IFERROR(IF(N23="","",IF(INDEX(Listado!M:M,N23)="No",IF(INDEX(Listado!N:N,N23)=0,"",INDEX(Listado!N:N,N23)),IF(INDEX(Listado!I:I,N23)=0,"",INDEX(Listado!I:I,N23)))),"") | P23: =IF(W23="",0,IFERROR(IF(AND(ISNUMBER(W23),W23=INT(W23),ISNUMBER(O23),O23>0,W23>=TODAY(),W23<=O23+90),0,1),1)) | Q23: =IFERROR(IF(AND(N23<>"",ISNUMBER(O23),O23>0,O23>=TODAY()-90),1,0),0) | R23: =IF(S23="","",COUNTIFS($N$2:$N$2999,ROW(),$Q$2:$Q$2999,1)) | S23: =IF(INDEX(Listado!A:A,ROW())="","",INDEX(Listado!A:A,ROW())) | T23: =IF(INDEX(Listado!G:G,ROW())="","",INDEX(Listado!G:G,ROW())) | U23: =IF(INDEX(Listado!F:F,ROW())="","",INDEX(Listado!F:F,ROW())) | V23: =IF(COUNTA(INDEX(Listado!B:B,ROW()):INDEX(Listado!F:F,ROW()))>0,1,0) | W23: =IF(INDEX(Listado!L:L,ROW())="","",INDEX(Listado!L:L,ROW())) | X23: =IF(N23="","",IF(INDEX(Listado!$M:$M,N23)="No","No","Sí"))
B24: Sí vienen de Servicios sociales | E24: No vienen de Servicios sociales | N24: =IF(V24=0,"",IFERROR(LOOKUP(2,1/(INDEX(Listado!A:A,2):INDEX(Listado!A:A,ROW())<>""),ROW(INDEX(Listado!A:A,2):INDEX(Listado!A:A,ROW()))),"")) | O24: =IFERROR(IF(N24="","",IF(INDEX(Listado!M:M,N24)="No",IF(INDEX(Listado!N:N,N24)=0,"",INDEX(Listado!N:N,N24)),IF(INDEX(Listado!I:I,N24)=0,"",INDEX(Listado!I:I,N24)))),"") | P24: =IF(W24="",0,IFERROR(IF(AND(ISNUMBER(W24),W24=INT(W24),ISNUMBER(O24),O24>0,W24>=TODAY(),W24<=O24+90),0,1),1)) | Q24: =IFERROR(IF(AND(N24<>"",ISNUMBER(O24),O24>0,O24>=TODAY()-90),1,0),0) | R24: =IF(S24="","",COUNTIFS($N$2:$N$2999,ROW(),$Q$2:$Q$2999,1)) | S24: =IF(INDEX(Listado!A:A,ROW())="","",INDEX(Listado!A:A,ROW())) | T24: =IF(INDEX(Listado!G:G,ROW())="","",INDEX(Listado!G:G,ROW())) | U24: =IF(INDEX(Listado!F:F,ROW())="","",INDEX(Listado!F:F,ROW())) | V24: =IF(COUNTA(INDEX(Listado!B:B,ROW()):INDEX(Listado!F:F,ROW()))>0,1,0) | W24: =IF(INDEX(Listado!L:L,ROW())="","",INDEX(Listado!L:L,ROW())) | X24: =IF(N24="","",IF(INDEX(Listado!$M:$M,N24)="No","No","Sí"))
B25: =SUMIF($X$2:$X$2999,"<>No",$V$2:$V$2999) | E25: =SUMIF($X$2:$X$2999,"No",$V$2:$V$2999) | N25: =IF(V25=0,"",IFERROR(LOOKUP(2,1/(INDEX(Listado!A:A,2):INDEX(Listado!A:A,ROW())<>""),ROW(INDEX(Listado!A:A,2):INDEX(Listado!A:A,ROW()))),"")) | O25: =IFERROR(IF(N25="","",IF(INDEX(Listado!M:M,N25)="No",IF(INDEX(Listado!N:N,N25)=0,"",INDEX(Listado!N:N,N25)),IF(INDEX(Listado!I:I,N25)=0,"",INDEX(Listado!I:I,N25)))),"") | P25: =IF(W25="",0,IFERROR(IF(AND(ISNUMBER(W25),W25=INT(W25),ISNUMBER(O25),O25>0,W25>=TODAY(),W25<=O25+90),0,1),1)) | Q25: =IFERROR(IF(AND(N25<>"",ISNUMBER(O25),O25>0,O25>=TODAY()-90),1,0),0) | R25: =IF(S25="","",COUNTIFS($N$2:$N$2999,ROW(),$Q$2:$Q$2999,1)) | S25: =IF(INDEX(Listado!A:A,ROW())="","",INDEX(Listado!A:A,ROW())) | T25: =IF(INDEX(Listado!G:G,ROW())="","",INDEX(Listado!G:G,ROW())) | U25: =IF(INDEX(Listado!F:F,ROW())="","",INDEX(Listado!F:F,ROW())) | V25: =IF(COUNTA(INDEX(Listado!B:B,ROW()):INDEX(Listado!F:F,ROW()))>0,1,0) | W25: =IF(INDEX(Listado!L:L,ROW())="","",INDEX(Listado!L:L,ROW())) | X25: =IF(N25="","",IF(INDEX(Listado!$M:$M,N25)="No","No","Sí"))
N26: =IF(V26=0,"",IFERROR(LOOKUP(2,1/(INDEX(Listado!A:A,2):INDEX(Listado!A:A,ROW())<>""),ROW(INDEX(Listado!A:A,2):INDEX(Listado!A:A,ROW()))),"")) | O26: =IFERROR(IF(N26="","",IF(INDEX(Listado!M:M,N26)="No",IF(INDEX(Listado!N:N,N26)=0,"",INDEX(Listado!N:N,N26)),IF(INDEX(Listado!I:I,N26)=0,"",INDEX(Listado!I:I,N26)))),"") | P26: =IF(W26="",0,IFERROR(IF(AND(ISNUMBER(W26),W26=INT(W26),ISNUMBER(O26),O26>0,W26>=TODAY(),W26<=O26+90),0,1),1)) | Q26: =IFERROR(IF(AND(N26<>"",ISNUMBER(O26),O26>0,O26>=TODAY()-90),1,0),0) | R26: =IF(S26="","",COUNTIFS($N$2:$N$2999,ROW(),$Q$2:$Q$2999,1)) | S26: =IF(INDEX(Listado!A:A,ROW())="","",INDEX(Listado!A:A,ROW())) | T26: =IF(INDEX(Listado!G:G,ROW())="","",INDEX(Listado!G:G,ROW())) | U26: =IF(INDEX(Listado!F:F,ROW())="","",INDEX(Listado!F:F,ROW())) | V26: =IF(COUNTA(INDEX(Listado!B:B,ROW()):INDEX(Listado!F:F,ROW()))>0,1,0) | W26: =IF(INDEX(Listado!L:L,ROW())="","",INDEX(Listado!L:L,ROW())) | X26: =IF(N26="","",IF(INDEX(Listado!$M:$M,N26)="No","No","Sí"))
N27: =IF(V27=0,"",IFERROR(LOOKUP(2,1/(INDEX(Listado!A:A,2):INDEX(Listado!A:A,ROW())<>""),ROW(INDEX(Listado!A:A,2):INDEX(Listado!A:A,ROW()))),"")) | O27: =IFERROR(IF(N27="","",IF(INDEX(Listado!M:M,N27)="No",IF(INDEX(Listado!N:N,N27)=0,"",INDEX(Listado!N:N,N27)),IF(INDEX(Listado!I:I,N27)=0,"",INDEX(Listado!I:I,N27)))),"") | P27: =IF(W27="",0,IFERROR(IF(AND(ISNUMBER(W27),W27=INT(W27),ISNUMBER(O27),O27>0,W27>=TODAY(),W27<=O27+90),0,1),1)) | Q27: =IFERROR(IF(AND(N27<>"",ISNUMBER(O27),O27>0,O27>=TODAY()-90),1,0),0) | R27: =IF(S27="","",COUNTIFS($N$2:$N$2999,ROW(),$Q$2:$Q$2999,1)) | S27: =IF(INDEX(Listado!A:A,ROW())="","",INDEX(Listado!A:A,ROW())) | T27: =IF(INDEX(Listado!G:G,ROW())="","",INDEX(Listado!G:G,ROW())) | U27: =IF(INDEX(Listado!F:F,ROW())="","",INDEX(Listado!F:F,ROW())) | V27: =IF(COUNTA(INDEX(Listado!B:B,ROW()):INDEX(Listado!F:F,ROW()))>0,1,0) | W27: =IF(INDEX(Listado!L:L,ROW())="","",INDEX(Listado!L:L,ROW())) | X27: =IF(N27="","",IF(INDEX(Listado!$M:$M,N27)="No","No","Sí"))
N28: =IF(V28=0,"",IFERROR(LOOKUP(2,1/(INDEX(Listado!A:A,2):INDEX(Listado!A:A,ROW())<>""),ROW(INDEX(Listado!A:A,2):INDEX(Listado!A:A,ROW()))),"")) | O28: =IFERROR(IF(N28="","",IF(INDEX(Listado!M:M,N28)="No",IF(INDEX(Listado!N:N,N28)=0,"",INDEX(Listado!N:N,N28)),IF(INDEX(Listado!I:I,N28)=0,"",INDEX(Listado!I:I,N28)))),"") | P28: =IF(W28="",0,IFERROR(IF(AND(ISNUMBER(W28),W28=INT(W28),ISNUMBER(O28),O28>0,W28>=TODAY(),W28<=O28+90),0,1),1)) | Q28: =IFERROR(IF(AND(N28<>"",ISNUMBER(O28),O28>0,O28>=TODAY()-90),1,0),0) | R28: =IF(S28="","",COUNTIFS($N$2:$N$2999,ROW(),$Q$2:$Q$2999,1)) | S28: =IF(INDEX(Listado!A:A,ROW())="","",INDEX(Listado!A:A,ROW())) | T28: =IF(INDEX(Listado!G:G,ROW())="","",INDEX(Listado!G:G,ROW())) | U28: =IF(INDEX(Listado!F:F,ROW())="","",INDEX(Listado!F:F,ROW())) | V28: =IF(COUNTA(INDEX(Listado!B:B,ROW()):INDEX(Listado!F:F,ROW()))>0,1,0) | W28: =IF(INDEX(Listado!L:L,ROW())="","",INDEX(Listado!L:L,ROW())) | X28: =IF(N28="","",IF(INDEX(Listado!$M:$M,N28)="No","No","Sí"))
N29: =IF(V29=0,"",IFERROR(LOOKUP(2,1/(INDEX(Listado!A:A,2):INDEX(Listado!A:A,ROW())<>""),ROW(INDEX(Listado!A:A,2):INDEX(Listado!A:A,ROW()))),"")) | O29: =IFERROR(IF(N29="","",IF(INDEX(Listado!M:M,N29)="No",IF(INDEX(Listado!N:N,N29)=0,"",INDEX(Listado!N:N,N29)),IF(INDEX(Listado!I:I,N29)=0,"",INDEX(Listado!I:I,N29)))),"") | P29: =IF(W29="",0,IFERROR(IF(AND(ISNUMBER(W29),W29=INT(W29),ISNUMBER(O29),O29>0,W29>=TODAY(),W29<=O29+90),0,1),1)) | Q29: =IFERROR(IF(AND(N29<>"",ISNUMBER(O29),O29>0,O29>=TODAY()-90),1,0),0) | R29: =IF(S29="","",COUNTIFS($N$2:$N$2999,ROW(),$Q$2:$Q$2999,1)) | S29: =IF(INDEX(Listado!A:A,ROW())="","",INDEX(Listado!A:A,ROW())) | T29: =IF(INDEX(Listado!G:G,ROW())="","",INDEX(Listado!G:G,ROW())) | U29: =IF(INDEX(Listado!F:F,ROW())="","",INDEX(Listado!F:F,ROW())) | V29: =IF(COUNTA(INDEX(Listado!B:B,ROW()):INDEX(Listado!F:F,ROW()))>0,1,0) | W29: =IF(INDEX(Listado!L:L,ROW())="","",INDEX(Listado!L:L,ROW())) | X29: =IF(N29="","",IF(INDEX(Listado!$M:$M,N29)="No","No","Sí"))
N30: =IF(V30=0,"",IFERROR(LOOKUP(2,1/(INDEX(Listado!A:A,2):INDEX(Listado!A:A,ROW())<>""),ROW(INDEX(Listado!A:A,2):INDEX(Listado!A:A,ROW()))),"")) | O30: =IFERROR(IF(N30="","",IF(INDEX(Listado!M:M,N30)="No",IF(INDEX(Listado!N:N,N30)=0,"",INDEX(Listado!N:N,N30)),IF(INDEX(Listado!I:I,N30)=0,"",INDEX(Listado!I:I,N30)))),"") | P30: =IF(W30="",0,IFERROR(IF(AND(ISNUMBER(W30),W30=INT(W30),ISNUMBER(O30),O30>0,W30>=TODAY(),W30<=O30+90),0,1),1)) | Q30: =IFERROR(IF(AND(N30<>"",ISNUMBER(O30),O30>0,O30>=TODAY()-90),1,0),0) | R30: =IF(S30="","",COUNTIFS($N$2:$N$2999,ROW(),$Q$2:$Q$2999,1)) | S30: =IF(INDEX(Listado!A:A,ROW())="","",INDEX(Listado!A:A,ROW())) | T30: =IF(INDEX(Listado!G:G,ROW())="","",INDEX(Listado!G:G,ROW())) | U30: =IF(INDEX(Listado!F:F,ROW())="","",INDEX(Listado!F:F,ROW())) | V30: =IF(COUNTA(INDEX(Listado!B:B,ROW()):INDEX(Listado!F:F,ROW()))>0,1,0) | W30: =IF(INDEX(Listado!L:L,ROW())="","",INDEX(Listado!L:L,ROW())) | X30: =IF(N30="","",IF(INDEX(Listado!$M:$M,N30)="No","No","Sí"))
N31: =IF(V31=0,"",IFERROR(LOOKUP(2,1/(INDEX(Listado!A:A,2):INDEX(Listado!A:A,ROW())<>""),ROW(INDEX(Listado!A:A,2):INDEX(Listado!A:A,ROW()))),"")) | O31: =IFERROR(IF(N31="","",IF(INDEX(Listado!M:M,N31)="No",IF(INDEX(Listado!N:N,N31)=0,"",INDEX(Listado!N:N,N31)),IF(INDEX(Listado!I:I,N31)=0,"",INDEX(Listado!I:I,N31)))),"") | P31: =IF(W31="",0,IFERROR(IF(AND(ISNUMBER(W31),W31=INT(W31),ISNUMBER(O31),O31>0,W31>=TODAY(),W31<=O31+90),0,1),1)) | Q31: =IFERROR(IF(AND(N31<>"",ISNUMBER(O31),O31>0,O31>=TODAY()-90),1,0),0) | R31: =IF(S31="","",COUNTIFS($N$2:$N$2999,ROW(),$Q$2:$Q$2999,1)) | S31: =IF(INDEX(Listado!A:A,ROW())="","",INDEX(Listado!A:A,ROW())) | T31: =IF(INDEX(Listado!G:G,ROW())="","",INDEX(Listado!G:G,ROW())) | U31: =IF(INDEX(Listado!F:F,ROW())="","",INDEX(Listado!F:F,ROW())) | V31: =IF(COUNTA(INDEX(Listado!B:B,ROW()):INDEX(Listado!F:F,ROW()))>0,1,0) | W31: =IF(INDEX(Listado!L:L,ROW())="","",INDEX(Listado!L:L,ROW())) | X31: =IF(N31="","",IF(INDEX(Listado!$M:$M,N31)="No","No","Sí"))
N32: =IF(V32=0,"",IFERROR(LOOKUP(2,1/(INDEX(Listado!A:A,2):INDEX(Listado!A:A,ROW())<>""),ROW(INDEX(Listado!A:A,2):INDEX(Listado!A:A,ROW()))),"")) | O32: =IFERROR(IF(N32="","",IF(INDEX(Listado!M:M,N32)="No",IF(INDEX(Listado!N:N,N32)=0,"",INDEX(Listado!N:N,N32)),IF(INDEX(Listado!I:I,N32)=0,"",INDEX(Listado!I:I,N32)))),"") | P32: =IF(W32="",0,IFERROR(IF(AND(ISNUMBER(W32),W32=INT(W32),ISNUMBER(O32),O32>0,W32>=TODAY(),W32<=O32+90),0,1),1)) | Q32: =IFERROR(IF(AND(N32<>"",ISNUMBER(O32),O32>0,O32>=TODAY()-90),1,0),0) | R32: =IF(S32="","",COUNTIFS($N$2:$N$2999,ROW(),$Q$2:$Q$2999,1)) | S32: =IF(INDEX(Listado!A:A,ROW())="","",INDEX(Listado!A:A,ROW())) | T32: =IF(INDEX(Listado!G:G,ROW())="","",INDEX(Listado!G:G,ROW())) | U32: =IF(INDEX(Listado!F:F,ROW())="","",INDEX(Listado!F:F,ROW())) | V32: =IF(COUNTA(INDEX(Listado!B:B,ROW()):INDEX(Listado!F:F,ROW()))>0,1,0) | W32: =IF(INDEX(Listado!L:L,ROW())="","",INDEX(Listado!L:L,ROW())) | X32: =IF(N32="","",IF(INDEX(Listado!$M:$M,N32)="No","No","Sí"))
N33: =IF(V33=0,"",IFERROR(LOOKUP(2,1/(INDEX(Listado!A:A,2):INDEX(Listado!A:A,ROW())<>""),ROW(INDEX(Listado!A:A,2):INDEX(Listado!A:A,ROW()))),"")) | O33: =IFERROR(IF(N33="","",IF(INDEX(Listado!M:M,N33)="No",IF(INDEX(Listado!N:N,N33)=0,"",INDEX(Listado!N:N,N33)),IF(INDEX(Listado!I:I,N33)=0,"",INDEX(Listado!I:I,N33)))),"") | P33: =IF(W33="",0,IFERROR(IF(AND(ISNUMBER(W33),W33=INT(W33),ISNUMBER(O33),O33>0,W33>=TODAY(),W33<=O33+90),0,1),1)) | Q33: =IFERROR(IF(AND(N33<>"",ISNUMBER(O33),O33>0,O33>=TODAY()-90),1,0),0) | R33: =IF(S33="","",COUNTIFS($N$2:$N$2999,ROW(),$Q$2:$Q$2999,1)) | S33: =IF(INDEX(Listado!A:A,ROW())="","",INDEX(Listado!A:A,ROW())) | T33: =IF(INDEX(Listado!G:G,ROW())="","",INDEX(Listado!G:G,ROW())) | U33: =IF(INDEX(Listado!F:F,ROW())="","",INDEX(Listado!F:F,ROW())) | V33: =IF(COUNTA(INDEX(Listado!B:B,ROW()):INDEX(Listado!F:F,ROW()))>0,1,0) | W33: =IF(INDEX(Listado!L:L,ROW())="","",INDEX(Listado!L:L,ROW())) | X33: =IF(N33="","",IF(INDEX(Listado!$M:$M,N33)="No","No","Sí"))
N34: =IF(V34=0,"",IFERROR(LOOKUP(2,1/(INDEX(Listado!A:A,2):INDEX(Listado!A:A,ROW())<>""),ROW(INDEX(Listado!A:A,2):INDEX(Listado!A:A,ROW()))),"")) | O34: =IFERROR(IF(N34="","",IF(INDEX(Listado!M:M,N34)="No",IF(INDEX(Listado!N:N,N34)=0,"",INDEX(Listado!N:N,N34)),IF(INDEX(Listado!I:I,N34)=0,"",INDEX(Listado!I:I,N34)))),"") | P34: =IF(W34="",0,IFERROR(IF(AND(ISNUMBER(W34),W34=INT(W34),ISNUMBER(O34),O34>0,W34>=TODAY(),W34<=O34+90),0,1),1)) | Q34: =IFERROR(IF(AND(N34<>"",ISNUMBER(O34),O34>0,O34>=TODAY()-90),1,0),0) | R34: =IF(S34="","",COUNTIFS($N$2:$N$2999,ROW(),$Q$2:$Q$2999,1)) | S34: =IF(INDEX(Listado!A:A,ROW())="","",INDEX(Listado!A:A,ROW())) | T34: =IF(INDEX(Listado!G:G,ROW())="","",INDEX(Listado!G:G,ROW())) | U34: =IF(INDEX(Listado!F:F,ROW())="","",INDEX(Listado!F:F,ROW())) | V34: =IF(COUNTA(INDEX(Listado!B:B,ROW()):INDEX(Listado!F:F,ROW()))>0,1,0) | W34: =IF(INDEX(Listado!L:L,ROW())="","",INDEX(Listado!L:L,ROW())) | X34: =IF(N34="","",IF(INDEX(Listado!$M:$M,N34)="No","No","Sí"))
N35: =IF(V35=0,"",IFERROR(LOOKUP(2,1/(INDEX(Listado!A:A,2):INDEX(Listado!A:A,ROW())<>""),ROW(INDEX(Listado!A:A,2):INDEX(Listado!A:A,ROW()))),"")) | O35: =IFERROR(IF(N35="","",IF(INDEX(Listado!M:M,N35)="No",IF(INDEX(Listado!N:N,N35)=0,"",INDEX(Listado!N:N,N35)),IF(INDEX(Listado!I:I,N35)=0,"",INDEX(Listado!I:I,N35)))),"") | P35: =IF(W35="",0,IFERROR(IF(AND(ISNUMBER(W35),W35=INT(W35),ISNUMBER(O35),O35>0,W35>=TODAY(),W35<=O35+90),0,1),1)) | Q35: =IFERROR(IF(AND(N35<>"",ISNUMBER(O35),O35>0,O35>=TODAY()-90),1,0),0) | R35: =IF(S35="","",COUNTIFS($N$2:$N$2999,ROW(),$Q$2:$Q$2999,1)) | S35: =IF(INDEX(Listado!A:A,ROW())="","",INDEX(Listado!A:A,ROW())) | T35: =IF(INDEX(Listado!G:G,ROW())="","",INDEX(Listado!G:G,ROW())) | U35: =IF(INDEX(Listado!F:F,ROW())="","",INDEX(Listado!F:F,ROW())) | V35: =IF(COUNTA(INDEX(Listado!B:B,ROW()):INDEX(Listado!F:F,ROW()))>0,1,0) | W35: =IF(INDEX(Listado!L:L,ROW())="","",INDEX(Listado!L:L,ROW())) | X35: =IF(N35="","",IF(INDEX(Listado!$M:$M,N35)="No","No","Sí"))
N36: =IF(V36=0,"",IFERROR(LOOKUP(2,1/(INDEX(Listado!A:A,2):INDEX(Listado!A:A,ROW())<>""),ROW(INDEX(Listado!A:A,2):INDEX(Listado!A:A,ROW()))),"")) | O36: =IFERROR(IF(N36="","",IF(INDEX(Listado!M:M,N36)="No",IF(INDEX(Listado!N:N,N36)=0,"",INDEX(Listado!N:N,N36)),IF(INDEX(Listado!I:I,N36)=0,"",INDEX(Listado!I:I,N36)))),"") | P36: =IF(W36="",0,IFERROR(IF(AND(ISNUMBER(W36),W36=INT(W36),ISNUMBER(O36),O36>0,W36>=TODAY(),W36<=O36+90),0,1),1)) | Q36: =IFERROR(IF(AND(N36<>"",ISNUMBER(O36),O36>0,O36>=TODAY()-90),1,0),0) | R36: =IF(S36="","",COUNTIFS($N$2:$N$2999,ROW(),$Q$2:$Q$2999,1)) | S36: =IF(INDEX(Listado!A:A,ROW())="","",INDEX(Listado!A:A,ROW())) | T36: =IF(INDEX(Listado!G:G,ROW())="","",INDEX(Listado!G:G,ROW())) | U36: =IF(INDEX(Listado!F:F,ROW())="","",INDEX(Listado!F:F,ROW())) | V36: =IF(COUNTA(INDEX(Listado!B:B,ROW()):INDEX(Listado!F:F,ROW()))>0,1,0) | W36: =IF(INDEX(Listado!L:L,ROW())="","",INDEX(Listado!L:L,ROW())) | X36: =IF(N36="","",IF(INDEX(Listado!$M:$M,N36)="No","No","Sí"))
N37: =IF(V37=0,"",IFERROR(LOOKUP(2,1/(INDEX(Listado!A:A,2):INDEX(Listado!A:A,ROW())<>""),ROW(INDEX(Listado!A:A,2):INDEX(Listado!A:A,ROW()))),"")) | O37: =IFERROR(IF(N37="","",IF(INDEX(Listado!M:M,N37)="No",IF(INDEX(Listado!N:N,N37)=0,"",INDEX(Listado!N:N,N37)),IF(INDEX(Listado!I:I,N37)=0,"",INDEX(Listado!I:I,N37)))),"") | P37: =IF(W37="",0,IFERROR(IF(AND(ISNUMBER(W37),W37=INT(W37),ISNUMBER(O37),O37>0,W37>=TODAY(),W37<=O37+90),0,1),1)) | Q37: =IFERROR(IF(AND(N37<>"",ISNUMBER(O37),O37>0,O37>=TODAY()-90),1,0),0) | R37: =IF(S37="","",COUNTIFS($N$2:$N$2999,ROW(),$Q$2:$Q$2999,1)) | S37: =IF(INDEX(Listado!A:A,ROW())="","",INDEX(Listado!A:A,ROW())) | T37: =IF(INDEX(Listado!G:G,ROW())="","",INDEX(Listado!G:G,ROW())) | U37: =IF(INDEX(Listado!F:F,ROW())="","",INDEX(Listado!F:F,ROW())) | V37: =IF(COUNTA(INDEX(Listado!B:B,ROW()):INDEX(Listado!F:F,ROW()))>0,1,0) | W37: =IF(INDEX(Listado!L:L,ROW())="","",INDEX(Listado!L:L,ROW())) | X37: =IF(N37="","",IF(INDEX(Listado!$M:$M,N37)="No","No","Sí"))
... N2999: =IF(V2999=0,"",IFERROR(LOOKUP(2,1/(INDEX(Listado!A:A,2):INDEX(Listado!A:A,ROW())<>""),ROW(INDEX(Listado!A:A,2):INDEX(Listado!A:A,ROW()))),"")) | O2999: =IFERROR(IF(N2999="","",IF(INDEX(Listado!M:M,N2999)="No",IF(INDEX(Listado!N:N,N2999)=0,"",INDEX(Listado!N:N,N2999)),IF(INDEX(Listado!I:I,N2999)=0,"",INDEX(Listado!I:I,N2999)))),"") | P2999: =IF(W2999="",0,IFERROR(IF(AND(ISNUMBER(W2999),W2999=INT(W2999),ISNUMBER(O2999),O2999>0,W2999>=TODAY(),W2999<=O2999+90),0,1),1)) | Q2999: =IFERROR(IF(AND(N2999<>"",ISNUMBER(O2999),O2999>0,O2999>=TODAY()-90),1,0),0) | R2999: =IF(S2999="","",COUNTIFS($N$2:$N$2999,ROW(),$Q$2:$Q$2999,1)) | S2999: =IF(INDEX(Listado!A:A,ROW())="","",INDEX(Listado!A:A,ROW())) | T2999: =IF(INDEX(Listado!G:G,ROW())="","",INDEX(Listado!G:G,ROW())) | U2999: =IF(INDEX(Listado!F:F,ROW())="","",INDEX(Listado!F:F,ROW())) | V2999: =IF(COUNTA(INDEX(Listado!B:B,ROW()):INDEX(Listado!F:F,ROW()))>0,1,0) | W2999: =IF(INDEX(Listado!L:L,ROW())="","",INDEX(Listado!L:L,ROW())) | X2999: =IF(N2999="","",IF(INDEX(Listado!$M:$M,N2999)="No","No","Sí"))
